Edad,País de origen,Motivo del viaje,Historial laboral,Nivel educación,Antecedentes penales,Ingresos anuales (USD),Dominio del idioma,Tipo de visa,Duración (días),Resultado
56,País E,Negocios,Empleado,Secundaria,Sí,82986,Alto,Estudiante,109,Rechazada
46,País B,Trabajo,Empleado,Doctorado,No,15068,Bajo,Trabajo,408,Rechazada
32,País D,Trabajo,Desempleado,Doctorado,No,59460,Bajo,Trabajo,230,Rechazada
60,País A,Trabajo,Desempleado,Secundaria,No,105766,Medio,Turista,524,Aprobada
25,País E,Negocios,Empleado,Doctorado,No,51418,Medio,Estudiante,640,Aprobada
38,País A,Estudios,Empleado,Doctorado,No,31206,Medio,Estudiante,242,Aprobada
56,País A,Negocios,Estudiante,Secundaria,No,133180,Bajo,Negocios,433,Aprobada
36,País A,Trabajo,Estudiante,Maestría,No,5287,Medio,Estudiante,122,Rechazada
40,País C,Negocios,Desempleado,Secundaria,No,27337,Medio,Turista,169,Aprobada
28,País F,Negocios,Estudiante,Doctorado,No,137233,Bajo,Trabajo,232,Rechazada
28,País C,Negocios,Estudiante,Maestría,No,105667,Alto,Trabajo,236,Aprobada
41,País F,Estudios,Estudiante,Licenciatura,Sí,95071,Bajo,Turista,188,Rechazada
53,País A,Turismo,Estudiante,Maestría,No,103064,Medio,Estudiante,255,Aprobada
57,País E,Turismo,Empleado,Doctorado,No,111511,Medio,Estudiante,324,Aprobada
41,País F,Negocios,Desempleado,Maestría,No,8178,Bajo,Turista,216,Rechazada
20,País D,Turismo,Estudiante,Secundaria,No,36831,Medio,Negocios,662,Aprobada
39,País D,Turismo,Empleado,Licenciatura,No,138248,Alto,Trabajo,398,Aprobada
19,País B,Negocios,Empleado,Licenciatura,No,108306,Bajo,Turista,102,Aprobada
41,País F,Negocios,Empleado,Licenciatura,No,117025,Alto,Turista,92,Aprobada
61,País E,Trabajo,Estudiante,Doctorado,No,95417,Medio,Estudiante,421,Aprobada
47,País C,Turismo,Estudiante,Doctorado,No,16984,Bajo,Trabajo,400,Rechazada
55,País A,Estudios,Desempleado,Licenciatura,No,94312,Medio,Estudiante,702,Aprobada
19,País B,Negocios,Estudiante,Maestría,Sí,88291,Medio,Turista,639,Rechazada
38,País D,Trabajo,Estudiante,Licenciatura,No,12135,Medio,Negocios,507,Aprobada
50,País C,Estudios,Empleado,Maestría,No,5320,Medio,Trabajo,610,Aprobada
29,País C,Turismo,Desempleado,Maestría,No,93774,Alto,Turista,588,Aprobada
39,País A,Trabajo,Estudiante,Doctorado,Sí,103071,Alto,Turista,139,Rechazada
61,País F,Negocios,Estudiante,Maestría,No,146842,Medio,Negocios,655,Aprobada
42,País D,Estudios,Empleado,Licenciatura,No,114863,Medio,Turista,320,Aprobada
44,País E,Negocios,Empleado,Doctorado,No,46777,Medio,Turista,705,Aprobada
59,País C,Turismo,Estudiante,Secundaria,No,51250,Medio,Trabajo,227,Aprobada
45,País A,Estudios,Desempleado,Secundaria,No,78034,Bajo,Trabajo,444,Rechazada
33,País E,Turismo,Desempleado,Doctorado,No,109940,Medio,Trabajo,52,Aprobada
32,País F,Turismo,Empleado,Licenciatura,No,45130,Medio,Estudiante,198,Aprobada
64,País D,Trabajo,Empleado,Secundaria,No,138609,Bajo,Negocios,526,Aprobada
61,País F,Negocios,Estudiante,Secundaria,No,20216,Bajo,Trabajo,385,Rechazada
20,País C,Estudios,Empleado,Maestría,No,89149,Medio,Estudiante,697,Aprobada
54,País E,Turismo,Estudiante,Maestría,Sí,8009,Medio,Estudiante,340,Rechazada
24,País E,Turismo,Desempleado,Licenciatura,No,94904,Medio,Negocios,45,Aprobada
38,País E,Estudios,Desempleado,Doctorado,No,20029,Medio,Negocios,299,Aprobada
26,País C,Turismo,Estudiante,Licenciatura,No,107171,Medio,Turista,696,Aprobada
56,País C,Trabajo,Empleado,Doctorado,No,119456,Medio,Estudiante,168,Aprobada
35,País F,Trabajo,Desempleado,Secundaria,No,67559,Bajo,Trabajo,337,Rechazada
21,País B,Trabajo,Empleado,Maestría,No,69892,Bajo,Negocios,110,Aprobada
42,País F,Trabajo,Desempleado,Licenciatura,Sí,75409,Medio,Estudiante,167,Rechazada
31,País D,Turismo,Estudiante,Licenciatura,No,144707,Medio,Trabajo,641,Aprobada
26,País A,Estudios,Estudiante,Doctorado,No,38065,Bajo,Estudiante,60,Rechazada
43,País E,Estudios,Estudiante,Doctorado,No,125544,Medio,Negocios,40,Aprobada
19,País B,Estudios,Desempleado,Licenciatura,Sí,112340,Bajo,Turista,248,Rechazada
37,País A,Estudios,Empleado,Doctorado,No,38783,Medio,Estudiante,119,Aprobada
45,País B,Negocios,Empleado,Licenciatura,No,39152,Medio,Trabajo,324,Aprobada
64,País F,Estudios,Empleado,Licenciatura,No,63741,Medio,Negocios,29,Aprobada
24,País C,Negocios,Desempleado,Licenciatura,No,112049,Alto,Turista,564,Aprobada
61,País E,Negocios,Desempleado,Secundaria,No,34092,Bajo,Trabajo,653,Rechazada
25,País F,Trabajo,Desempleado,Doctorado,No,91483,Alto,Trabajo,124,Aprobada
64,País A,Negocios,Desempleado,Maestría,No,126585,Medio,Trabajo,707,Aprobada
52,País A,Turismo,Desempleado,Maestría,No,64754,Medio,Estudiante,649,Aprobada
31,País A,Negocios,Empleado,Doctorado,No,92592,Medio,Negocios,218,Aprobada
34,País A,Trabajo,Desempleado,Licenciatura,No,99543,Medio,Trabajo,424,Aprobada
53,País A,Negocios,Desempleado,Maestría,No,48169,Medio,Estudiante,119,Aprobada
57,País B,Turismo,Empleado,Maestría,No,59745,Medio,Negocios,50,Aprobada
21,País F,Turismo,Desempleado,Doctorado,No,115168,Bajo,Negocios,134,Aprobada
19,País E,Turismo,Empleado,Maestría,No,118985,Bajo,Estudiante,164,Rechazada
23,País C,Trabajo,Empleado,Licenciatura,No,10543,Medio,Estudiante,400,Aprobada
59,País C,Trabajo,Estudiante,Doctorado,Sí,26067,Medio,Trabajo,518,Rechazada
21,País F,Estudios,Estudiante,Licenciatura,No,56033,Medio,Negocios,51,Aprobada
46,País F,Trabajo,Estudiante,Maestría,No,50256,Bajo,Turista,114,Aprobada
35,País C,Turismo,Estudiante,Maestría,No,91803,Medio,Estudiante,225,Aprobada
43,País C,Turismo,Desempleado,Licenciatura,No,123843,Alto,Negocios,449,Aprobada
61,País B,Trabajo,Estudiante,Secundaria,No,33992,Alto,Negocios,321,Aprobada
51,País D,Negocios,Empleado,Maestría,No,53803,Medio,Trabajo,183,Aprobada
27,País E,Trabajo,Desempleado,Secundaria,No,114975,Medio,Turista,234,Aprobada
53,País A,Trabajo,Estudiante,Maestría,No,149282,Alto,Trabajo,709,Aprobada
31,País D,Turismo,Empleado,Secundaria,No,31270,Medio,Turista,678,Aprobada
48,País F,Estudios,Desempleado,Secundaria,No,141269,Medio,Turista,273,Aprobada
32,País C,Turismo,Desempleado,Secundaria,No,12452,Alto,Estudiante,385,Aprobada
25,País D,Estudios,Estudiante,Licenciatura,No,46486,Medio,Negocios,495,Aprobada
31,País E,Turismo,Desempleado,Secundaria,No,19859,Medio,Negocios,708,Aprobada
40,País F,Trabajo,Empleado,Secundaria,Sí,37083,Bajo,Negocios,693,Rechazada
57,País A,Turismo,Desempleado,Secundaria,No,72708,Bajo,Turista,296,Aprobada
38,País A,Turismo,Empleado,Maestría,Sí,116462,Alto,Negocios,363,Rechazada
33,País E,Turismo,Desempleado,Secundaria,No,98076,Medio,Estudiante,663,Aprobada
62,País E,Trabajo,Estudiante,Maestría,Sí,24053,Medio,Turista,210,Rechazada
35,País C,Trabajo,Empleado,Secundaria,Sí,147157,Bajo,Turista,219,Rechazada
64,País A,Trabajo,Desempleado,Secundaria,No,94745,Medio,Turista,558,Aprobada
41,País F,Trabajo,Desempleado,Licenciatura,No,74517,Medio,Turista,329,Aprobada
43,País D,Estudios,Desempleado,Maestría,No,141319,Bajo,Estudiante,600,Rechazada
42,País F,Estudios,Empleado,Secundaria,No,146625,Alto,Negocios,187,Aprobada
62,País B,Negocios,Empleado,Maestría,No,142207,Bajo,Estudiante,505,Rechazada
58,País B,Trabajo,Empleado,Maestría,No,141645,Medio,Negocios,326,Aprobada
46,País E,Estudios,Estudiante,Doctorado,No,84267,Medio,Estudiante,89,Aprobada
32,País C,Turismo,Estudiante,Licenciatura,No,143261,Bajo,Trabajo,309,Rechazada
62,País B,Trabajo,Empleado,Licenciatura,No,85077,Alto,Trabajo,268,Aprobada
18,País A,Negocios,Desempleado,Licenciatura,No,81623,Medio,Trabajo,206,Aprobada
42,País F,Negocios,Estudiante,Doctorado,No,136004,Medio,Trabajo,246,Aprobada
24,País F,Negocios,Empleado,Doctorado,No,58687,Bajo,Turista,698,Aprobada
26,País E,Turismo,Desempleado,Licenciatura,No,73312,Bajo,Turista,689,Aprobada
41,País D,Estudios,Estudiante,Doctorado,No,112615,Bajo,Estudiante,301,Rechazada
18,País E,Turismo,Desempleado,Doctorado,No,135976,Medio,Estudiante,518,Aprobada
61,País D,Trabajo,Desempleado,Doctorado,No,32564,Medio,Trabajo,695,Aprobada
25,País E,Negocios,Desempleado,Licenciatura,No,33835,Alto,Negocios,402,Aprobada
41,País E,Turismo,Desempleado,Licenciatura,No,12697,Medio,Trabajo,144,Aprobada
28,País E,Turismo,Estudiante,Licenciatura,No,85165,Alto,Estudiante,135,Aprobada
34,País D,Estudios,Estudiante,Doctorado,No,62823,Medio,Trabajo,55,Aprobada
25,País D,Estudios,Estudiante,Licenciatura,No,14615,Medio,Estudiante,682,Aprobada
52,País E,Negocios,Empleado,Doctorado,No,141132,Bajo,Trabajo,299,Rechazada
52,País B,Turismo,Estudiante,Secundaria,No,135499,Medio,Negocios,634,Aprobada
50,País C,Turismo,Desempleado,Doctorado,No,81436,Bajo,Trabajo,542,Rechazada
22,País C,Estudios,Estudiante,Maestría,No,125562,Bajo,Negocios,317,Aprobada
59,País C,Turismo,Desempleado,Licenciatura,No,76117,Medio,Negocios,543,Aprobada
56,País D,Turismo,Empleado,Licenciatura,Sí,39782,Alto,Estudiante,645,Rechazada
58,País D,Turismo,Desempleado,Maestría,No,83533,Bajo,Negocios,240,Aprobada
45,País B,Estudios,Desempleado,Doctorado,No,77684,Medio,Turista,215,Aprobada
24,País C,Negocios,Desempleado,Secundaria,No,84558,Alto,Turista,611,Aprobada
26,País C,Trabajo,Empleado,Maestría,No,86422,Medio,Turista,100,Aprobada
25,País E,Negocios,Estudiante,Maestría,No,11638,Bajo,Estudiante,333,Rechazada
29,País D,Trabajo,Estudiante,Doctorado,No,42419,Bajo,Turista,231,Aprobada
51,País C,Turismo,Empleado,Licenciatura,No,38377,Medio,Estudiante,17,Aprobada
50,País F,Negocios,Desempleado,Doctorado,No,111244,Medio,Estudiante,335,Aprobada
40,País B,Trabajo,Estudiante,Maestría,No,28382,Alto,Turista,18,Aprobada
41,País F,Estudios,Empleado,Maestría,No,72789,Medio,Negocios,41,Aprobada
54,País F,Estudios,Estudiante,Licenciatura,No,115634,Bajo,Trabajo,453,Rechazada
52,País B,Negocios,Empleado,Licenciatura,No,136936,Bajo,Estudiante,458,Rechazada
61,País F,Negocios,Desempleado,Licenciatura,No,104572,Medio,Turista,226,Aprobada
57,País C,Turismo,Estudiante,Doctorado,No,149738,Bajo,Estudiante,447,Rechazada
39,País D,Negocios,Empleado,Licenciatura,No,128664,Medio,Negocios,659,Aprobada
44,País B,Turismo,Estudiante,Maestría,No,115674,Medio,Negocios,541,Aprobada
52,País E,Turismo,Estudiante,Maestría,No,108533,Bajo,Turista,601,Aprobada
18,País F,Estudios,Estudiante,Secundaria,Sí,86845,Bajo,Estudiante,235,Rechazada
52,País B,Estudios,Estudiante,Doctorado,No,74590,Medio,Trabajo,350,Aprobada
54,País A,Trabajo,Empleado,Secundaria,No,132775,Bajo,Trabajo,86,Rechazada
64,País A,Estudios,Desempleado,Maestría,No,71471,Bajo,Estudiante,359,Rechazada
31,País D,Estudios,Empleado,Secundaria,Sí,48298,Medio,Estudiante,402,Rechazada
20,País C,Negocios,Empleado,Maestría,No,53924,Alto,Estudiante,296,Aprobada
18,País D,Estudios,Empleado,Secundaria,No,14726,Bajo,Turista,461,Aprobada
22,País D,Trabajo,Desempleado,Licenciatura,No,45542,Medio,Negocios,677,Aprobada
43,País D,Negocios,Estudiante,Secundaria,No,39753,Medio,Trabajo,134,Aprobada
31,País D,Trabajo,Estudiante,Licenciatura,No,84788,Medio,Turista,708,Aprobada
56,País E,Estudios,Estudiante,Licenciatura,No,26316,Alto,Estudiante,549,Aprobada
44,País E,Trabajo,Desempleado,Doctorado,No,89698,Medio,Estudiante,365,Aprobada
26,País B,Negocios,Estudiante,Licenciatura,No,20960,Alto,Negocios,533,Aprobada
32,País A,Turismo,Desempleado,Licenciatura,No,35791,Bajo,Estudiante,319,Rechazada
32,País D,Trabajo,Estudiante,Secundaria,No,30216,Bajo,Turista,81,Aprobada
43,País B,Trabajo,Estudiante,Maestría,No,69427,Alto,Turista,552,Aprobada
59,País A,Negocios,Empleado,Doctorado,Sí,117470,Medio,Negocios,202,Rechazada
30,País F,Negocios,Desempleado,Licenciatura,No,78290,Bajo,Turista,35,Aprobada
49,País C,Trabajo,Empleado,Doctorado,No,52014,Medio,Trabajo,712,Aprobada
56,País E,Estudios,Empleado,Secundaria,No,140150,Alto,Turista,22,Aprobada
49,País F,Trabajo,Empleado,Licenciatura,No,55519,Alto,Turista,429,Aprobada
21,País A,Negocios,Desempleado,Secundaria,No,9042,Medio,Turista,595,Rechazada
47,País F,Turismo,Desempleado,Doctorado,Sí,54052,Alto,Trabajo,599,Rechazada
54,País C,Turismo,Estudiante,Secundaria,No,19389,Bajo,Estudiante,411,Rechazada
40,País A,Estudios,Empleado,Doctorado,No,100961,Bajo,Turista,642,Aprobada
56,País F,Trabajo,Estudiante,Secundaria,No,73111,Medio,Negocios,537,Aprobada
62,País E,Turismo,Empleado,Doctorado,No,110058,Bajo,Trabajo,620,Rechazada
32,País E,Trabajo,Desempleado,Maestría,No,98715,Medio,Negocios,83,Aprobada
60,País B,Negocios,Desempleado,Secundaria,No,55733,Medio,Turista,235,Aprobada
46,País F,Turismo,Desempleado,Secundaria,No,39754,Medio,Negocios,303,Aprobada
53,País D,Estudios,Empleado,Maestría,No,90886,Bajo,Turista,516,Aprobada
30,País F,Negocios,Desempleado,Maestría,No,94524,Bajo,Trabajo,721,Rechazada
49,País A,Estudios,Empleado,Secundaria,No,86006,Medio,Negocios,579,Aprobada
24,País A,Negocios,Estudiante,Maestría,No,29704,Medio,Negocios,544,Aprobada
39,País F,Turismo,Empleado,Licenciatura,Sí,99913,Medio,Turista,589,Rechazada
45,País C,Estudios,Estudiante,Doctorado,No,99108,Medio,Turista,621,Aprobada
19,País E,Estudios,Empleado,Doctorado,No,12493,Medio,Estudiante,332,Aprobada
59,País A,Negocios,Estudiante,Doctorado,No,74639,Alto,Turista,369,Aprobada
62,País E,Estudios,Desempleado,Licenciatura,No,59383,Bajo,Turista,675,Aprobada
23,País A,Negocios,Estudiante,Maestría,No,139066,Bajo,Estudiante,365,Rechazada
45,País B,Negocios,Desempleado,Maestría,No,52234,Alto,Turista,712,Aprobada
45,País D,Negocios,Desempleado,Secundaria,No,133674,Medio,Turista,330,Aprobada
61,País A,Negocios,Estudiante,Maestría,No,10594,Alto,Estudiante,704,Aprobada
61,País E,Turismo,Empleado,Secundaria,Sí,12371,Medio,Trabajo,332,Rechazada
37,País B,Negocios,Empleado,Licenciatura,No,52315,Medio,Trabajo,631,Aprobada
47,País A,Trabajo,Empleado,Doctorado,No,132251,Medio,Turista,171,Aprobada
28,País C,Estudios,Empleado,Doctorado,No,84526,Medio,Turista,579,Aprobada
45,País D,Trabajo,Empleado,Doctorado,No,91005,Medio,Estudiante,610,Aprobada
42,País A,Turismo,Desempleado,Maestría,No,110573,Medio,Estudiante,461,Aprobada
56,País B,Trabajo,Empleado,Secundaria,No,143202,Medio,Trabajo,159,Aprobada
50,País C,Estudios,Desempleado,Secundaria,No,142900,Alto,Negocios,133,Aprobada
18,País F,Trabajo,Desempleado,Licenciatura,No,62514,Bajo,Turista,199,Aprobada
44,País B,Turismo,Desempleado,Maestría,No,80986,Bajo,Negocios,633,Aprobada
30,País B,Negocios,Estudiante,Licenciatura,No,90959,Medio,Negocios,536,Aprobada
58,País C,Trabajo,Estudiante,Secundaria,No,7035,Medio,Estudiante,16,Rechazada
20,País B,Turismo,Desempleado,Secundaria,No,114767,Alto,Turista,98,Aprobada
56,País C,Turismo,Estudiante,Doctorado,No,22241,Medio,Turista,145,Aprobada
23,País A,Estudios,Empleado,Maestría,No,57975,Medio,Estudiante,487,Aprobada
25,País C,Estudios,Empleado,Secundaria,No,61396,Medio,Negocios,455,Aprobada
44,País C,Trabajo,Desempleado,Doctorado,No,123920,Medio,Estudiante,339,Aprobada
26,País D,Negocios,Empleado,Maestría,No,149403,Alto,Trabajo,346,Aprobada
54,País C,Turismo,Desempleado,Licenciatura,No,91226,Bajo,Turista,58,Aprobada
50,País C,Trabajo,Desempleado,Maestría,No,89719,Medio,Trabajo,713,Aprobada
59,País F,Turismo,Empleado,Maestría,No,68014,Alto,Estudiante,472,Aprobada
61,País A,Turismo,Estudiante,Secundaria,No,44346,Alto,Turista,724,Aprobada
41,País D,Negocios,Empleado,Secundaria,No,75411,Medio,Trabajo,481,Aprobada
32,País F,Negocios,Empleado,Maestría,No,148326,Medio,Trabajo,407,Aprobada
49,País E,Trabajo,Desempleado,Secundaria,No,81441,Bajo,Negocios,445,Aprobada
49,País A,Negocios,Desempleado,Secundaria,No,51121,Medio,Turista,611,Aprobada
41,País A,Negocios,Desempleado,Secundaria,No,65197,Alto,Trabajo,663,Aprobada
58,País E,Trabajo,Desempleado,Doctorado,No,89577,Medio,Trabajo,604,Aprobada
29,País C,Negocios,Estudiante,Doctorado,No,99634,Bajo,Negocios,515,Aprobada
56,País F,Estudios,Estudiante,Maestría,No,105211,Bajo,Trabajo,159,Rechazada
19,País B,Turismo,Estudiante,Secundaria,No,140909,Bajo,Trabajo,520,Rechazada
20,País D,Turismo,Desempleado,Doctorado,No,148687,Bajo,Trabajo,509,Rechazada
54,País B,Turismo,Desempleado,Maestría,No,6466,Bajo,Negocios,682,Rechazada
34,País E,Turismo,Desempleado,Secundaria,No,35771,Medio,Trabajo,12,Aprobada
19,País A,Trabajo,Estudiante,Licenciatura,No,88886,Bajo,Trabajo,506,Rechazada
19,País A,Turismo,Desempleado,Secundaria,No,70911,Bajo,Turista,667,Aprobada
45,País D,Turismo,Empleado,Secundaria,No,93422,Medio,Turista,723,Aprobada
40,País A,Turismo,Empleado,Doctorado,No,78369,Bajo,Negocios,124,Aprobada
54,País A,Turismo,Desempleado,Maestría,No,6893,Bajo,Estudiante,491,Rechazada
49,País D,Estudios,Empleado,Maestría,No,35573,Medio,Turista,607,Aprobada
50,País F,Turismo,Empleado,Doctorado,No,101907,Bajo,Negocios,672,Aprobada
18,País F,Estudios,Estudiante,Secundaria,Sí,104956,Medio,Trabajo,685,Rechazada
36,País D,Trabajo,Desempleado,Licenciatura,No,123580,Bajo,Trabajo,474,Rechazada
19,País E,Negocios,Desempleado,Secundaria,No,96404,Medio,Negocios,167,Aprobada
61,País A,Turismo,Estudiante,Secundaria,No,62724,Alto,Trabajo,276,Aprobada
43,País A,Negocios,Empleado,Licenciatura,No,91133,Medio,Trabajo,62,Aprobada
49,País E,Negocios,Empleado,Doctorado,No,20989,Medio,Estudiante,234,Aprobada
23,País F,Trabajo,Desempleado,Maestría,No,33931,Alto,Trabajo,155,Aprobada
49,País C,Negocios,Empleado,Doctorado,No,14290,Medio,Turista,52,Aprobada
21,País C,Estudios,Estudiante,Doctorado,No,126136,Bajo,Trabajo,150,Rechazada
28,País C,Negocios,Estudiante,Secundaria,No,84878,Medio,Negocios,638,Aprobada
34,País F,Negocios,Desempleado,Maestría,No,95477,Alto,Estudiante,346,Aprobada
55,País F,Negocios,Estudiante,Maestría,No,131299,Medio,Trabajo,419,Aprobada
41,País E,Turismo,Estudiante,Doctorado,No,110686,Bajo,Negocios,526,Aprobada
22,País A,Turismo,Desempleado,Licenciatura,No,112286,Medio,Turista,350,Aprobada
51,País E,Estudios,Estudiante,Doctorado,No,45475,Alto,Trabajo,393,Aprobada
23,País E,Estudios,Estudiante,Licenciatura,No,87666,Bajo,Estudiante,479,Rechazada
39,País F,Turismo,Estudiante,Maestría,No,101622,Medio,Trabajo,281,Aprobada
28,País C,Estudios,Empleado,Doctorado,No,140705,Bajo,Negocios,359,Aprobada
33,País B,Turismo,Desempleado,Secundaria,No,112573,Medio,Estudiante,72,Aprobada
50,País A,Trabajo,Desempleado,Doctorado,No,51546,Bajo,Trabajo,85,Rechazada
26,País F,Negocios,Desempleado,Maestría,No,12008,Medio,Turista,604,Aprobada
23,País C,Negocios,Empleado,Secundaria,No,53291,Alto,Estudiante,642,Aprobada
33,País B,Estudios,Empleado,Secundaria,No,41386,Medio,Turista,208,Aprobada
46,País B,Turismo,Desempleado,Licenciatura,No,95909,Medio,Negocios,668,Aprobada
20,País F,Turismo,Empleado,Secundaria,No,38040,Medio,Trabajo,564,Aprobada
37,País D,Estudios,Desempleado,Secundaria,No,65354,Bajo,Turista,119,Aprobada
53,País A,Turismo,Empleado,Doctorado,No,83543,Medio,Negocios,97,Aprobada
36,País B,Trabajo,Estudiante,Maestría,No,23157,Bajo,Trabajo,147,Rechazada
43,País F,Negocios,Estudiante,Licenciatura,No,40315,Medio,Negocios,295,Aprobada
20,País F,Estudios,Desempleado,Doctorado,No,40932,Bajo,Turista,595,Aprobada
36,País C,Estudios,Empleado,Secundaria,No,118880,Medio,Negocios,417,Aprobada
37,País D,Turismo,Empleado,Secundaria,No,137018,Alto,Estudiante,383,Aprobada
49,País A,Estudios,Estudiante,Licenciatura,No,19693,Alto,Trabajo,390,Aprobada
24,País E,Trabajo,Estudiante,Maestría,No,32241,Medio,Negocios,158,Aprobada
58,País C,Turismo,Empleado,Licenciatura,No,120194,Bajo,Turista,633,Aprobada
50,País B,Turismo,Empleado,Doctorado,Sí,100790,Medio,Trabajo,325,Rechazada
57,País B,Turismo,Empleado,Licenciatura,No,77255,Alto,Estudiante,375,Aprobada
56,País C,Turismo,Empleado,Secundaria,No,16350,Bajo,Trabajo,612,Rechazada
35,País F,Trabajo,Empleado,Doctorado,Sí,61809,Alto,Estudiante,566,Rechazada
57,País B,Turismo,Empleado,Secundaria,No,106894,Medio,Trabajo,709,Aprobada
18,País D,Estudios,Desempleado,Maestría,No,102557,Alto,Negocios,468,Aprobada
28,País A,Trabajo,Empleado,Secundaria,Sí,36728,Alto,Negocios,18,Rechazada
45,País D,Negocios,Estudiante,Secundaria,No,22576,Alto,Turista,162,Aprobada
42,País B,Negocios,Desempleado,Licenciatura,No,88384,Medio,Estudiante,690,Aprobada
40,País E,Estudios,Empleado,Secundaria,No,5390,Bajo,Turista,483,Aprobada
48,País A,Estudios,Estudiante,Doctorado,No,50436,Medio,Negocios,407,Aprobada
47,País A,Trabajo,Desempleado,Doctorado,No,16569,Medio,Estudiante,183,Aprobada
59,País C,Negocios,Estudiante,Maestría,No,149101,Bajo,Turista,347,Aprobada
52,País C,Negocios,Empleado,Doctorado,No,27490,Medio,Turista,63,Aprobada
24,País E,Negocios,Empleado,Licenciatura,No,50875,Medio,Turista,454,Aprobada
33,País F,Negocios,Empleado,Maestría,No,10867,Medio,Turista,209,Aprobada
43,País A,Negocios,Empleado,Doctorado,No,85820,Medio,Turista,703,Aprobada
19,País E,Turismo,Desempleado,Licenciatura,No,104515,Bajo,Estudiante,639,Rechazada
18,País C,Estudios,Desempleado,Doctorado,Sí,14121,Alto,Turista,208,Rechazada
29,País C,Turismo,Estudiante,Doctorado,No,6539,Bajo,Estudiante,336,Rechazada
22,País A,Negocios,Empleado,Secundaria,Sí,132402,Medio,Turista,369,Rechazada
54,País D,Trabajo,Estudiante,Doctorado,No,79229,Medio,Negocios,460,Aprobada
49,País B,Trabajo,Desempleado,Doctorado,No,144993,Alto,Negocios,362,Aprobada
26,País C,Negocios,Empleado,Licenciatura,No,55435,Bajo,Turista,222,Aprobada
58,País F,Negocios,Empleado,Licenciatura,No,146382,Medio,Trabajo,561,Aprobada
52,País F,Trabajo,Desempleado,Secundaria,No,68965,Medio,Negocios,29,Aprobada
36,País C,Turismo,Desempleado,Doctorado,Sí,116048,Bajo,Estudiante,161,Rechazada
33,País D,Turismo,Desempleado,Secundaria,No,101444,Medio,Turista,192,Aprobada
20,País D,Negocios,Desempleado,Doctorado,No,74922,Alto,Estudiante,255,Aprobada
37,País E,Turismo,Desempleado,Maestría,No,102799,Alto,Trabajo,140,Aprobada
41,País F,Trabajo,Empleado,Maestría,No,98948,Bajo,Turista,327,Aprobada
50,País E,Turismo,Desempleado,Secundaria,No,148314,Bajo,Negocios,396,Aprobada
41,País F,Negocios,Empleado,Secundaria,No,13947,Medio,Estudiante,440,Aprobada
28,País B,Trabajo,Empleado,Secundaria,No,53785,Medio,Negocios,28,Aprobada
25,País B,Turismo,Desempleado,Licenciatura,Sí,124963,Bajo,Negocios,606,Rechazada
53,País A,Estudios,Desempleado,Licenciatura,No,5507,Bajo,Turista,671,Aprobada
55,País E,Trabajo,Empleado,Licenciatura,Sí,16618,Alto,Estudiante,131,Rechazada
57,País C,Trabajo,Desempleado,Secundaria,No,79286,Alto,Trabajo,85,Aprobada
37,País E,Estudios,Desempleado,Doctorado,No,21122,Bajo,Negocios,57,Aprobada
52,País C,Estudios,Desempleado,Maestría,No,143426,Medio,Turista,182,Aprobada
42,País D,Trabajo,Estudiante,Secundaria,No,114598,Medio,Turista,259,Aprobada
52,País E,Estudios,Empleado,Licenciatura,No,91436,Bajo,Trabajo,252,Rechazada
42,País D,Negocios,Estudiante,Licenciatura,No,141109,Medio,Turista,112,Aprobada
46,País B,Negocios,Desempleado,Secundaria,No,33633,Medio,Negocios,199,Aprobada
35,País B,Negocios,Estudiante,Secundaria,Sí,29495,Alto,Turista,322,Rechazada
63,País A,Trabajo,Desempleado,Licenciatura,No,69550,Medio,Estudiante,308,Aprobada
35,País E,Estudios,Estudiante,Doctorado,No,41483,Medio,Estudiante,554,Aprobada
19,País D,Estudios,Desempleado,Licenciatura,No,118181,Medio,Negocios,722,Aprobada
52,País C,Turismo,Estudiante,Licenciatura,No,39069,Bajo,Estudiante,274,Rechazada
33,País B,Turismo,Estudiante,Secundaria,No,143442,Medio,Trabajo,176,Aprobada
58,País B,Estudios,Estudiante,Doctorado,No,124873,Medio,Turista,557,Aprobada
53,País C,Estudios,Empleado,Licenciatura,No,121843,Bajo,Negocios,461,Aprobada
50,País D,Estudios,Estudiante,Licenciatura,No,76947,Bajo,Trabajo,657,Rechazada
21,País D,Trabajo,Empleado,Maestría,No,100761,Bajo,Turista,298,Aprobada
50,País E,Estudios,Desempleado,Secundaria,No,118753,Alto,Trabajo,570,Aprobada
31,País E,Turismo,Estudiante,Maestría,No,136764,Bajo,Negocios,147,Aprobada
38,País F,Trabajo,Desempleado,Maestría,No,33926,Bajo,Negocios,152,Aprobada
37,País F,Estudios,Desempleado,Licenciatura,No,104782,Medio,Trabajo,431,Aprobada
25,País A,Turismo,Estudiante,Secundaria,No,109700,Medio,Turista,320,Aprobada
24,País B,Trabajo,Empleado,Doctorado,No,78984,Bajo,Estudiante,190,Rechazada
20,País E,Estudios,Estudiante,Licenciatura,No,54593,Alto,Estudiante,670,Aprobada
34,País D,Estudios,Desempleado,Doctorado,No,80609,Alto,Trabajo,719,Aprobada
50,País C,Estudios,Desempleado,Doctorado,No,10209,Medio,Negocios,134,Aprobada
29,País D,Trabajo,Estudiante,Secundaria,No,131700,Medio,Turista,293,Aprobada
39,País B,Turismo,Empleado,Maestría,No,142605,Bajo,Turista,259,Aprobada
39,País F,Turismo,Empleado,Secundaria,No,91597,Medio,Negocios,706,Aprobada
63,País D,Negocios,Desempleado,Doctorado,No,12211,Medio,Estudiante,392,Aprobada
47,País A,Estudios,Desempleado,Licenciatura,No,14927,Bajo,Turista,236,Aprobada
55,País B,Negocios,Empleado,Doctorado,No,122333,Bajo,Trabajo,277,Rechazada
55,País F,Negocios,Estudiante,Licenciatura,No,81382,Medio,Estudiante,421,Aprobada
62,País C,Turismo,Desempleado,Licenciatura,No,144005,Bajo,Trabajo,204,Rechazada
25,País F,Trabajo,Empleado,Secundaria,No,108780,Alto,Estudiante,329,Aprobada
44,País A,Trabajo,Desempleado,Doctorado,No,45696,Bajo,Negocios,62,Aprobada
44,País B,Turismo,Estudiante,Maestría,No,72616,Medio,Trabajo,209,Aprobada
51,País C,Trabajo,Empleado,Doctorado,No,142161,Medio,Trabajo,627,Aprobada
38,País A,Negocios,Desempleado,Doctorado,No,143869,Medio,Negocios,634,Aprobada
47,País F,Estudios,Estudiante,Maestría,No,55013,Medio,Trabajo,610,Aprobada
50,País A,Turismo,Desempleado,Secundaria,No,144418,Medio,Estudiante,144,Aprobada
45,País B,Estudios,Estudiante,Doctorado,No,54556,Alto,Turista,428,Aprobada
64,País E,Trabajo,Estudiante,Doctorado,No,128723,Medio,Turista,63,Aprobada
50,País A,Estudios,Empleado,Licenciatura,No,31140,Medio,Negocios,568,Aprobada
22,País A,Trabajo,Estudiante,Doctorado,No,6184,Medio,Estudiante,77,Rechazada
36,País F,Trabajo,Desempleado,Maestría,No,116361,Medio,Trabajo,600,Aprobada
21,País F,Negocios,Estudiante,Licenciatura,No,10606,Medio,Trabajo,378,Aprobada
52,País C,Trabajo,Estudiante,Secundaria,No,140028,Alto,Turista,623,Aprobada
34,País F,Negocios,Empleado,Licenciatura,No,21555,Bajo,Trabajo,606,Rechazada
61,País D,Negocios,Estudiante,Maestría,No,95385,Medio,Turista,520,Aprobada
45,País B,Negocios,Estudiante,Maestría,No,63502,Medio,Negocios,90,Aprobada
47,País B,Turismo,Desempleado,Licenciatura,Sí,108844,Medio,Trabajo,49,Rechazada
46,País E,Turismo,Empleado,Secundaria,No,96321,Alto,Estudiante,672,Aprobada
63,País E,Trabajo,Empleado,Licenciatura,No,54056,Alto,Trabajo,612,Aprobada
23,País B,Negocios,Empleado,Secundaria,No,103234,Medio,Turista,139,Aprobada
52,País E,Turismo,Estudiante,Licenciatura,No,46850,Bajo,Negocios,401,Aprobada
58,País C,Negocios,Empleado,Maestría,No,32843,Bajo,Turista,71,Aprobada
54,País F,Estudios,Estudiante,Doctorado,No,67320,Medio,Trabajo,296,Aprobada
41,País B,Estudios,Estudiante,Doctorado,No,34793,Alto,Turista,382,Aprobada
46,País E,Estudios,Desempleado,Secundaria,No,24627,Bajo,Turista,473,Aprobada
63,País B,Trabajo,Desempleado,Secundaria,No,66822,Bajo,Negocios,219,Aprobada
48,País D,Negocios,Desempleado,Secundaria,No,60798,Bajo,Estudiante,154,Rechazada
52,País A,Estudios,Desempleado,Maestría,No,80318,Alto,Trabajo,579,Aprobada
50,País F,Turismo,Desempleado,Licenciatura,No,109186,Medio,Negocios,477,Aprobada
38,País B,Estudios,Estudiante,Maestría,No,92902,Medio,Estudiante,155,Aprobada
49,País A,Estudios,Estudiante,Doctorado,No,76334,Medio,Turista,94,Aprobada
40,País E,Estudios,Empleado,Secundaria,No,111719,Alto,Estudiante,330,Aprobada
50,País A,Trabajo,Estudiante,Licenciatura,No,128099,Medio,Turista,402,Aprobada
20,País F,Turismo,Estudiante,Doctorado,No,17720,Medio,Turista,410,Aprobada
35,País B,Negocios,Desempleado,Doctorado,No,62608,Bajo,Negocios,88,Aprobada
42,País D,Turismo,Estudiante,Doctorado,No,112449,Medio,Turista,647,Aprobada
59,País E,Negocios,Desempleado,Maestría,No,107828,Medio,Negocios,292,Aprobada
48,País B,Trabajo,Empleado,Secundaria,No,131613,Alto,Estudiante,388,Aprobada
20,País F,Trabajo,Empleado,Doctorado,No,77095,Bajo,Estudiante,276,Rechazada
57,País E,Trabajo,Estudiante,Secundaria,No,110924,Bajo,Turista,298,Aprobada
63,País C,Trabajo,Empleado,Maestría,Sí,101452,Bajo,Negocios,459,Rechazada
41,País A,Negocios,Estudiante,Doctorado,No,92593,Medio,Turista,721,Aprobada
49,País F,Estudios,Empleado,Maestría,No,111975,Alto,Negocios,30,Aprobada
64,País C,Negocios,Desempleado,Maestría,No,82242,Bajo,Negocios,317,Aprobada
39,País B,Turismo,Desempleado,Secundaria,No,121041,Medio,Negocios,467,Aprobada
40,País D,Trabajo,Desempleado,Doctorado,No,131202,Medio,Estudiante,214,Aprobada
19,País E,Trabajo,Desempleado,Maestría,No,82606,Bajo,Negocios,723,Aprobada
44,País A,Turismo,Estudiante,Doctorado,No,128769,Medio,Estudiante,670,Aprobada
59,País E,Negocios,Empleado,Secundaria,No,123542,Bajo,Negocios,444,Aprobada
19,País B,Estudios,Estudiante,Maestría,No,111438,Medio,Estudiante,544,Aprobada
43,País E,Estudios,Desempleado,Secundaria,Sí,5924,Medio,Trabajo,712,Rechazada
34,País A,Turismo,Estudiante,Doctorado,No,56322,Medio,Estudiante,342,Aprobada
57,País B,Estudios,Empleado,Doctorado,No,76042,Bajo,Estudiante,428,Rechazada
50,País E,Negocios,Estudiante,Secundaria,No,51418,Alto,Turista,327,Aprobada
26,País D,Negocios,Empleado,Licenciatura,No,105699,Medio,Negocios,503,Aprobada
60,País F,Turismo,Estudiante,Maestría,No,95140,Medio,Trabajo,593,Aprobada
56,País B,Negocios,Empleado,Doctorado,No,16781,Bajo,Turista,169,Aprobada
46,País F,Trabajo,Empleado,Doctorado,No,141587,Bajo,Negocios,547,Aprobada
59,País B,Turismo,Desempleado,Maestría,No,122358,Bajo,Trabajo,171,Rechazada
43,País D,Negocios,Empleado,Secundaria,Sí,41133,Bajo,Trabajo,704,Rechazada
52,País F,Turismo,Desempleado,Secundaria,Sí,102628,Medio,Trabajo,572,Rechazada
42,País C,Estudios,Desempleado,Secundaria,No,81946,Alto,Negocios,301,Aprobada
41,País A,Negocios,Desempleado,Licenciatura,Sí,90058,Medio,Trabajo,48,Rechazada
30,País C,Trabajo,Estudiante,Licenciatura,Sí,145167,Bajo,Trabajo,291,Rechazada
24,País E,Negocios,Estudiante,Doctorado,No,48129,Medio,Turista,393,Aprobada
53,País D,Turismo,Estudiante,Secundaria,No,13531,Bajo,Estudiante,144,Rechazada
62,País C,Turismo,Estudiante,Maestría,No,42038,Medio,Negocios,193,Aprobada
37,País B,Negocios,Empleado,Doctorado,No,92939,Medio,Estudiante,722,Aprobada
18,País E,Trabajo,Empleado,Maestría,No,47674,Medio,Turista,437,Aprobada
25,País E,Trabajo,Estudiante,Doctorado,Sí,132572,Alto,Estudiante,560,Rechazada
63,País C,Trabajo,Empleado,Licenciatura,No,34831,Bajo,Trabajo,422,Rechazada
33,País C,Turismo,Empleado,Doctorado,No,62174,Medio,Trabajo,432,Aprobada
31,País D,Negocios,Desempleado,Licenciatura,No,16279,Alto,Negocios,422,Aprobada
29,País A,Estudios,Desempleado,Doctorado,No,65610,Medio,Negocios,32,Aprobada
40,País C,Turismo,Desempleado,Secundaria,Sí,58051,Medio,Negocios,377,Rechazada
32,País C,Trabajo,Desempleado,Maestría,No,61652,Alto,Turista,391,Aprobada
45,País F,Negocios,Empleado,Secundaria,No,70524,Bajo,Negocios,62,Aprobada
51,País B,Trabajo,Estudiante,Doctorado,No,11470,Alto,Turista,259,Aprobada
19,País F,Estudios,Empleado,Doctorado,No,58473,Bajo,Trabajo,640,Rechazada
49,País F,Trabajo,Empleado,Doctorado,No,49439,Medio,Estudiante,112,Aprobada
40,País E,Trabajo,Empleado,Licenciatura,No,19308,Alto,Trabajo,136,Aprobada
39,País A,Estudios,Desempleado,Maestría,No,96563,Bajo,Trabajo,676,Rechazada
42,País B,Negocios,Desempleado,Maestría,No,40081,Medio,Trabajo,382,Aprobada
39,País D,Turismo,Desempleado,Doctorado,No,14837,Medio,Negocios,314,Aprobada
39,País D,Negocios,Estudiante,Doctorado,No,123128,Alto,Negocios,97,Aprobada
59,País C,Estudios,Empleado,Licenciatura,No,117651,Alto,Negocios,399,Aprobada
23,País C,Trabajo,Estudiante,Secundaria,No,102624,Medio,Estudiante,540,Aprobada
32,País D,Negocios,Desempleado,Secundaria,No,35063,Medio,Negocios,116,Aprobada
60,País C,Turismo,Estudiante,Maestría,No,74453,Alto,Turista,567,Aprobada
54,País A,Estudios,Empleado,Licenciatura,No,107166,Medio,Trabajo,647,Aprobada
50,País F,Negocios,Empleado,Doctorado,No,19506,Medio,Estudiante,591,Aprobada
25,País C,Turismo,Desempleado,Maestría,No,118604,Medio,Estudiante,346,Aprobada
61,País E,Estudios,Desempleado,Licenciatura,No,31026,Medio,Estudiante,571,Aprobada
61,País C,Turismo,Estudiante,Secundaria,No,57413,Bajo,Estudiante,362,Rechazada
22,País B,Estudios,Desempleado,Licenciatura,No,70066,Bajo,Estudiante,174,Rechazada
56,País A,Trabajo,Desempleado,Secundaria,No,55971,Bajo,Turista,563,Aprobada
21,País B,Negocios,Empleado,Licenciatura,No,118978,Alto,Trabajo,458,Aprobada
23,País B,Turismo,Desempleado,Maestría,No,55494,Medio,Estudiante,111,Aprobada
62,País E,Estudios,Desempleado,Secundaria,No,108864,Medio,Trabajo,156,Aprobada
49,País A,Turismo,Empleado,Maestría,No,137151,Medio,Negocios,152,Aprobada
47,País A,Turismo,Empleado,Maestría,Sí,100386,Bajo,Estudiante,722,Rechazada
64,País A,Negocios,Estudiante,Secundaria,No,91126,Medio,Estudiante,305,Aprobada
52,País A,Trabajo,Desempleado,Secundaria,No,85863,Medio,Trabajo,173,Aprobada
57,País A,Turismo,Empleado,Doctorado,Sí,83291,Medio,Estudiante,719,Rechazada
33,País E,Estudios,Estudiante,Doctorado,No,130659,Alto,Estudiante,652,Aprobada
30,País C,Estudios,Estudiante,Doctorado,No,12235,Medio,Estudiante,729,Aprobada
59,País B,Trabajo,Desempleado,Maestría,No,87733,Medio,Turista,54,Aprobada
47,País A,Estudios,Desempleado,Maestría,No,67712,Medio,Turista,644,Aprobada
36,País C,Trabajo,Estudiante,Doctorado,No,130849,Alto,Estudiante,245,Aprobada
34,País C,Estudios,Empleado,Maestría,Sí,84823,Medio,Turista,13,Rechazada
36,País B,Negocios,Estudiante,Maestría,No,109215,Bajo,Negocios,470,Aprobada
45,País E,Turismo,Desempleado,Secundaria,No,37230,Medio,Estudiante,459,Aprobada
43,País D,Negocios,Empleado,Secundaria,No,89573,Medio,Negocios,377,Aprobada
54,País D,Turismo,Empleado,Maestría,Sí,45644,Medio,Trabajo,555,Rechazada
43,País C,Turismo,Estudiante,Doctorado,No,50203,Bajo,Negocios,493,Aprobada
40,País F,Turismo,Desempleado,Licenciatura,Sí,71677,Alto,Trabajo,217,Rechazada
26,País F,Negocios,Estudiante,Doctorado,No,128246,Alto,Estudiante,171,Aprobada
29,País B,Turismo,Estudiante,Licenciatura,No,89817,Bajo,Trabajo,131,Rechazada
18,País D,Negocios,Estudiante,Doctorado,No,74806,Alto,Trabajo,343,Aprobada
18,País C,Trabajo,Empleado,Secundaria,No,47814,Bajo,Negocios,198,Aprobada
64,País E,Estudios,Empleado,Maestría,No,75219,Bajo,Negocios,220,Aprobada
51,País D,Estudios,Desempleado,Maestría,No,100345,Bajo,Negocios,580,Aprobada
49,País C,Turismo,Desempleado,Secundaria,No,105088,Bajo,Estudiante,334,Rechazada
42,País C,Negocios,Estudiante,Licenciatura,No,74322,Alto,Estudiante,387,Aprobada
57,País A,Estudios,Estudiante,Licenciatura,No,26650,Bajo,Negocios,679,Aprobada
62,País E,Negocios,Estudiante,Licenciatura,No,99242,Bajo,Estudiante,584,Rechazada
18,País A,Negocios,Desempleado,Secundaria,No,145262,Bajo,Estudiante,245,Rechazada
33,País B,Turismo,Empleado,Licenciatura,Sí,43196,Bajo,Trabajo,538,Rechazada
56,País A,Estudios,Empleado,Secundaria,No,34709,Bajo,Trabajo,706,Rechazada
22,País A,Turismo,Estudiante,Doctorado,Sí,85428,Medio,Negocios,88,Rechazada
39,País D,Turismo,Estudiante,Doctorado,No,14943,Bajo,Estudiante,369,Rechazada
46,País F,Estudios,Estudiante,Secundaria,No,26042,Alto,Trabajo,511,Aprobada
20,País C,Estudios,Estudiante,Maestría,Sí,48894,Alto,Turista,208,Rechazada
29,País E,Trabajo,Desempleado,Doctorado,No,142941,Bajo,Estudiante,510,Rechazada
43,País A,Trabajo,Empleado,Licenciatura,No,61759,Alto,Turista,650,Aprobada
33,País E,Negocios,Estudiante,Secundaria,No,110973,Bajo,Negocios,43,Aprobada
54,País F,Estudios,Desempleado,Licenciatura,No,49306,Bajo,Estudiante,650,Rechazada
39,País F,Trabajo,Estudiante,Licenciatura,No,113369,Bajo,Negocios,595,Aprobada
46,País A,Negocios,Estudiante,Maestría,No,33379,Medio,Negocios,607,Aprobada
31,País B,Negocios,Empleado,Licenciatura,No,125667,Medio,Negocios,408,Aprobada
45,País A,Negocios,Estudiante,Maestría,No,139034,Medio,Negocios,712,Aprobada
22,País D,Trabajo,Empleado,Doctorado,No,149923,Medio,Negocios,182,Aprobada
64,País C,Estudios,Empleado,Secundaria,No,122626,Medio,Estudiante,551,Aprobada
47,País B,Turismo,Empleado,Licenciatura,No,130180,Bajo,Turista,576,Aprobada
63,País A,Negocios,Desempleado,Secundaria,No,57349,Medio,Estudiante,473,Aprobada
22,País E,Trabajo,Desempleado,Licenciatura,No,10730,Bajo,Estudiante,207,Rechazada
29,País B,Trabajo,Empleado,Secundaria,No,149993,Bajo,Estudiante,546,Rechazada
33,País B,Turismo,Estudiante,Licenciatura,No,24023,Bajo,Trabajo,553,Rechazada
43,País A,Turismo,Empleado,Licenciatura,No,131796,Bajo,Trabajo,643,Rechazada
43,País B,Trabajo,Estudiante,Licenciatura,No,86533,Medio,Estudiante,400,Aprobada
38,País E,Estudios,Empleado,Licenciatura,No,88286,Alto,Turista,48,Aprobada
56,País F,Turismo,Estudiante,Licenciatura,No,46979,Bajo,Estudiante,603,Rechazada
53,País B,Trabajo,Desempleado,Licenciatura,No,27837,Medio,Negocios,399,Aprobada
50,País F,Turismo,Estudiante,Licenciatura,No,109975,Medio,Trabajo,706,Aprobada
47,País E,Estudios,Empleado,Licenciatura,No,25923,Alto,Trabajo,629,Aprobada
54,País A,Negocios,Desempleado,Licenciatura,No,13876,Bajo,Estudiante,447,Rechazada
40,País C,Turismo,Estudiante,Secundaria,No,65973,Medio,Estudiante,623,Aprobada
27,País B,Estudios,Estudiante,Maestría,No,138959,Alto,Turista,512,Aprobada
22,País C,Trabajo,Estudiante,Licenciatura,No,47422,Medio,Turista,326,Aprobada
53,País E,Turismo,Estudiante,Maestría,No,56413,Medio,Negocios,559,Aprobada
51,País B,Turismo,Estudiante,Licenciatura,No,107484,Bajo,Estudiante,221,Rechazada
48,País F,Trabajo,Desempleado,Licenciatura,No,138913,Bajo,Estudiante,77,Rechazada
27,País D,Negocios,Desempleado,Secundaria,No,33756,Medio,Estudiante,574,Aprobada
36,País C,Trabajo,Desempleado,Doctorado,No,76576,Medio,Trabajo,242,Aprobada
49,País B,Turismo,Desempleado,Doctorado,No,123248,Bajo,Negocios,287,Aprobada
18,País C,Trabajo,Empleado,Secundaria,Sí,15304,Medio,Turista,623,Rechazada
22,País B,Estudios,Desempleado,Maestría,No,35341,Medio,Trabajo,168,Aprobada
62,País A,Trabajo,Estudiante,Doctorado,Sí,140830,Medio,Trabajo,197,Rechazada
21,País F,Turismo,Estudiante,Secundaria,No,132039,Medio,Trabajo,15,Aprobada
33,País C,Trabajo,Desempleado,Secundaria,No,137447,Alto,Trabajo,66,Aprobada
41,País D,Negocios,Estudiante,Doctorado,No,104485,Medio,Negocios,231,Aprobada
33,País D,Trabajo,Desempleado,Maestría,No,27092,Alto,Estudiante,706,Aprobada
19,País E,Negocios,Estudiante,Secundaria,No,136562,Bajo,Turista,588,Aprobada
45,País B,Estudios,Empleado,Licenciatura,Sí,8729,Bajo,Turista,293,Rechazada
49,País C,Negocios,Empleado,Maestría,No,142046,Bajo,Trabajo,175,Rechazada
44,País E,Trabajo,Desempleado,Maestría,No,123222,Bajo,Trabajo,68,Rechazada
37,País C,Turismo,Desempleado,Doctorado,No,90216,Bajo,Negocios,355,Aprobada
41,País B,Negocios,Desempleado,Doctorado,No,88860,Bajo,Trabajo,448,Rechazada
29,País D,Estudios,Estudiante,Licenciatura,Sí,101870,Alto,Turista,20,Rechazada
52,País A,Negocios,Desempleado,Secundaria,No,26398,Bajo,Turista,170,Aprobada
50,País D,Negocios,Empleado,Doctorado,No,39650,Medio,Estudiante,426,Aprobada
50,País E,Negocios,Estudiante,Doctorado,No,108889,Bajo,Estudiante,526,Rechazada
60,País F,Estudios,Desempleado,Maestría,No,8159,Alto,Turista,672,Aprobada
54,País A,Trabajo,Estudiante,Doctorado,No,103162,Medio,Turista,554,Aprobada
29,País E,Negocios,Estudiante,Doctorado,No,107834,Bajo,Negocios,566,Aprobada
20,País B,Negocios,Desempleado,Doctorado,No,26638,Medio,Negocios,603,Aprobada
18,País A,Turismo,Estudiante,Doctorado,No,6073,Medio,Turista,34,Rechazada
50,País E,Estudios,Empleado,Maestría,Sí,34320,Medio,Trabajo,714,Rechazada
57,País B,Negocios,Empleado,Licenciatura,No,39924,Medio,Estudiante,452,Aprobada
27,País D,Estudios,Estudiante,Licenciatura,No,73116,Medio,Turista,214,Aprobada
60,País F,Negocios,Desempleado,Secundaria,Sí,7159,Medio,Trabajo,476,Rechazada
61,País B,Trabajo,Estudiante,Doctorado,No,53940,Medio,Turista,722,Aprobada
46,País C,Trabajo,Empleado,Maestría,No,84436,Bajo,Estudiante,110,Rechazada
30,País B,Negocios,Estudiante,Secundaria,No,19678,Alto,Estudiante,432,Aprobada
29,País B,Trabajo,Estudiante,Secundaria,No,148093,Medio,Negocios,107,Aprobada
48,País F,Negocios,Empleado,Licenciatura,No,142844,Medio,Negocios,547,Aprobada
63,País C,Trabajo,Estudiante,Maestría,No,72163,Bajo,Negocios,645,Aprobada
19,País E,Turismo,Estudiante,Maestría,No,56137,Medio,Negocios,528,Aprobada
52,País E,Turismo,Desempleado,Maestría,No,66497,Alto,Estudiante,112,Aprobada
40,País B,Turismo,Desempleado,Licenciatura,Sí,105485,Bajo,Trabajo,685,Rechazada
34,País C,Estudios,Empleado,Licenciatura,No,110468,Medio,Trabajo,283,Aprobada
43,País C,Estudios,Empleado,Licenciatura,No,5901,Medio,Trabajo,71,Aprobada
25,País F,Turismo,Empleado,Licenciatura,No,92980,Alto,Turista,194,Aprobada
46,País D,Estudios,Desempleado,Licenciatura,No,112594,Medio,Negocios,323,Aprobada
43,País E,Trabajo,Empleado,Doctorado,No,7881,Medio,Negocios,144,Rechazada
27,País F,Negocios,Empleado,Doctorado,No,34863,Alto,Estudiante,349,Aprobada
43,País A,Negocios,Empleado,Maestría,No,141694,Medio,Estudiante,111,Aprobada
51,País E,Negocios,Desempleado,Secundaria,No,137450,Bajo,Turista,552,Aprobada
58,País F,Turismo,Estudiante,Maestría,No,50201,Bajo,Turista,386,Aprobada
24,País E,Estudios,Empleado,Secundaria,No,64251,Medio,Trabajo,116,Aprobada
21,País D,Trabajo,Estudiante,Licenciatura,No,77572,Bajo,Estudiante,551,Rechazada
62,País A,Trabajo,Empleado,Secundaria,No,44255,Bajo,Negocios,360,Aprobada
28,País D,Turismo,Estudiante,Maestría,No,68212,Alto,Trabajo,323,Aprobada
46,País A,Trabajo,Desempleado,Maestría,No,55210,Bajo,Negocios,272,Aprobada
53,País B,Trabajo,Desempleado,Secundaria,Sí,130629,Medio,Trabajo,700,Rechazada
42,País F,Trabajo,Empleado,Doctorado,No,27499,Bajo,Negocios,71,Aprobada
38,País A,Trabajo,Estudiante,Licenciatura,No,107552,Medio,Turista,339,Aprobada
53,País D,Estudios,Desempleado,Licenciatura,No,66360,Medio,Trabajo,519,Aprobada
27,País E,Trabajo,Empleado,Maestría,No,140675,Bajo,Negocios,139,Aprobada
54,País A,Negocios,Empleado,Doctorado,Sí,132466,Medio,Negocios,598,Rechazada
26,País F,Turismo,Desempleado,Secundaria,No,90473,Bajo,Estudiante,546,Rechazada
41,País A,Estudios,Desempleado,Licenciatura,No,148704,Alto,Trabajo,541,Aprobada
52,País C,Trabajo,Empleado,Doctorado,No,96873,Alto,Negocios,502,Aprobada
52,País E,Estudios,Estudiante,Licenciatura,No,70756,Medio,Estudiante,627,Aprobada
53,País F,Trabajo,Estudiante,Doctorado,No,61344,Medio,Negocios,625,Aprobada
35,País F,Negocios,Estudiante,Doctorado,No,143421,Medio,Trabajo,663,Aprobada
56,País B,Turismo,Empleado,Maestría,No,76154,Medio,Turista,375,Aprobada
49,País D,Trabajo,Desempleado,Licenciatura,No,32464,Medio,Trabajo,657,Aprobada
41,País B,Trabajo,Empleado,Secundaria,No,126897,Bajo,Trabajo,105,Rechazada
40,País F,Trabajo,Desempleado,Maestría,No,42344,Medio,Negocios,323,Aprobada
49,País E,Trabajo,Estudiante,Maestría,No,88791,Bajo,Negocios,129,Aprobada
54,País A,Turismo,Estudiante,Secundaria,No,137534,Medio,Trabajo,326,Aprobada
29,País A,Turismo,Desempleado,Maestría,No,125209,Bajo,Estudiante,599,Rechazada
30,País E,Negocios,Desempleado,Doctorado,No,86441,Medio,Estudiante,501,Aprobada
40,País F,Turismo,Empleado,Doctorado,No,95456,Bajo,Estudiante,463,Rechazada
42,País A,Trabajo,Estudiante,Licenciatura,No,86788,Bajo,Negocios,528,Aprobada
52,País A,Negocios,Empleado,Licenciatura,No,19175,Medio,Negocios,526,Aprobada
58,País A,Negocios,Empleado,Secundaria,No,142263,Alto,Trabajo,723,Aprobada
47,País D,Negocios,Empleado,Licenciatura,No,88434,Medio,Turista,321,Aprobada
34,País D,Trabajo,Estudiante,Doctorado,No,89518,Bajo,Negocios,715,Aprobada
37,País C,Estudios,Empleado,Secundaria,No,71537,Bajo,Trabajo,716,Rechazada
42,País B,Trabajo,Empleado,Secundaria,No,120721,Alto,Trabajo,548,Aprobada
39,País E,Turismo,Empleado,Licenciatura,No,52645,Medio,Turista,485,Aprobada
30,País E,Turismo,Empleado,Doctorado,No,28283,Bajo,Estudiante,26,Rechazada
36,País E,Trabajo,Empleado,Secundaria,No,91971,Alto,Trabajo,566,Aprobada
53,País C,Trabajo,Empleado,Doctorado,No,97759,Alto,Trabajo,136,Aprobada
29,País D,Negocios,Estudiante,Doctorado,No,107780,Alto,Trabajo,299,Aprobada
58,País F,Trabajo,Empleado,Doctorado,No,35734,Alto,Estudiante,138,Aprobada
36,País F,Negocios,Desempleado,Licenciatura,No,5515,Alto,Estudiante,362,Rechazada
29,País C,Turismo,Empleado,Maestría,No,115782,Bajo,Turista,60,Aprobada
26,País F,Negocios,Empleado,Maestría,No,71727,Bajo,Negocios,393,Aprobada
24,País E,Trabajo,Estudiante,Secundaria,No,114164,Medio,Estudiante,271,Aprobada
45,País B,Turismo,Estudiante,Doctorado,No,51216,Medio,Negocios,221,Aprobada
31,País A,Estudios,Desempleado,Licenciatura,No,76833,Medio,Negocios,466,Aprobada
48,País D,Negocios,Desempleado,Doctorado,No,63755,Medio,Estudiante,464,Aprobada
36,País D,Turismo,Estudiante,Doctorado,No,32856,Medio,Trabajo,49,Aprobada
64,País C,Negocios,Estudiante,Licenciatura,No,78870,Medio,Turista,592,Aprobada
33,País D,Turismo,Empleado,Maestría,No,142080,Bajo,Negocios,284,Aprobada
22,País E,Turismo,Estudiante,Doctorado,No,12987,Bajo,Trabajo,136,Rechazada
52,País F,Negocios,Desempleado,Doctorado,No,101502,Medio,Estudiante,356,Aprobada
29,País E,Estudios,Empleado,Maestría,No,139404,Medio,Negocios,712,Aprobada
42,País C,Turismo,Desempleado,Licenciatura,No,71323,Bajo,Negocios,550,Aprobada
38,País E,Turismo,Empleado,Secundaria,No,14873,Medio,Negocios,112,Aprobada
53,País F,Turismo,Estudiante,Maestría,No,110219,Medio,Trabajo,722,Aprobada
40,País B,Estudios,Desempleado,Secundaria,Sí,10033,Medio,Trabajo,7,Rechazada
33,País C,Estudios,Empleado,Secundaria,No,78324,Bajo,Trabajo,590,Rechazada
56,País B,Trabajo,Empleado,Maestría,No,20689,Medio,Negocios,438,Aprobada
62,País A,Negocios,Estudiante,Doctorado,No,114756,Bajo,Negocios,312,Aprobada
59,País B,Estudios,Estudiante,Secundaria,No,5066,Alto,Turista,533,Aprobada
56,País A,Negocios,Estudiante,Secundaria,No,119159,Bajo,Turista,59,Aprobada
31,País A,Trabajo,Desempleado,Licenciatura,No,12533,Medio,Trabajo,526,Aprobada
48,País B,Negocios,Empleado,Doctorado,No,120828,Bajo,Trabajo,336,Rechazada
22,País C,Estudios,Estudiante,Secundaria,Sí,64658,Medio,Estudiante,564,Rechazada
52,País F,Negocios,Desempleado,Licenciatura,No,43498,Medio,Trabajo,331,Aprobada
40,País E,Estudios,Desempleado,Doctorado,No,114028,Bajo,Turista,120,Aprobada
46,País E,Negocios,Desempleado,Maestría,No,16772,Medio,Turista,153,Aprobada
60,País F,Estudios,Estudiante,Maestría,No,94385,Bajo,Turista,172,Aprobada
28,País A,Estudios,Estudiante,Licenciatura,No,17940,Medio,Negocios,385,Aprobada
35,País A,Negocios,Empleado,Maestría,No,123027,Medio,Negocios,145,Aprobada
64,País C,Trabajo,Empleado,Secundaria,No,21932,Medio,Trabajo,635,Aprobada
29,País D,Turismo,Estudiante,Doctorado,No,29648,Alto,Estudiante,305,Aprobada
26,País B,Trabajo,Desempleado,Secundaria,No,37966,Medio,Estudiante,282,Aprobada
27,País A,Negocios,Desempleado,Secundaria,No,47598,Medio,Estudiante,184,Aprobada
61,País E,Trabajo,Desempleado,Maestría,No,149870,Bajo,Negocios,360,Aprobada
34,País C,Estudios,Empleado,Secundaria,No,66084,Medio,Turista,160,Aprobada
55,País B,Turismo,Desempleado,Maestría,No,136250,Medio,Turista,207,Aprobada
24,País C,Negocios,Empleado,Doctorado,Sí,22118,Bajo,Negocios,121,Rechazada
63,País B,Negocios,Empleado,Doctorado,No,27616,Alto,Estudiante,677,Aprobada
30,País B,Negocios,Desempleado,Secundaria,No,136870,Bajo,Estudiante,560,Rechazada
57,País F,Turismo,Desempleado,Licenciatura,No,12601,Alto,Trabajo,74,Aprobada
59,País A,Estudios,Estudiante,Maestría,No,30363,Bajo,Trabajo,451,Rechazada
26,País C,Negocios,Estudiante,Maestría,No,7795,Alto,Estudiante,451,Rechazada
44,País C,Trabajo,Desempleado,Secundaria,No,102462,Medio,Negocios,332,Aprobada
19,País F,Negocios,Empleado,Maestría,No,107892,Bajo,Estudiante,714,Rechazada
22,País E,Negocios,Empleado,Maestría,No,77833,Bajo,Trabajo,608,Rechazada
46,País E,Negocios,Empleado,Licenciatura,No,8084,Medio,Estudiante,629,Rechazada
54,País A,Negocios,Empleado,Licenciatura,No,100865,Alto,Negocios,365,Aprobada
55,País A,Estudios,Empleado,Secundaria,No,5731,Bajo,Turista,151,Aprobada
36,País D,Trabajo,Estudiante,Licenciatura,No,137201,Bajo,Negocios,281,Aprobada
25,País F,Estudios,Desempleado,Secundaria,Sí,6605,Medio,Negocios,515,Rechazada
62,País E,Trabajo,Estudiante,Doctorado,No,82506,Medio,Trabajo,185,Aprobada
18,País B,Negocios,Empleado,Secundaria,No,49130,Medio,Negocios,483,Aprobada
39,País C,Turismo,Empleado,Doctorado,No,73469,Medio,Negocios,420,Aprobada
34,País A,Estudios,Empleado,Secundaria,No,95436,Bajo,Trabajo,159,Rechazada
24,País C,Turismo,Empleado,Maestría,No,117341,Alto,Trabajo,110,Aprobada
42,País C,Estudios,Desempleado,Licenciatura,No,136965,Medio,Turista,81,Aprobada
62,País D,Negocios,Empleado,Doctorado,No,104694,Bajo,Estudiante,134,Rechazada
21,País E,Estudios,Desempleado,Secundaria,No,24773,Medio,Negocios,717,Aprobada
53,País A,Negocios,Empleado,Licenciatura,No,9239,Medio,Trabajo,672,Rechazada
23,País C,Estudios,Desempleado,Secundaria,No,25863,Medio,Turista,574,Aprobada
48,País A,Negocios,Estudiante,Licenciatura,No,56415,Medio,Estudiante,351,Aprobada
36,País B,Negocios,Empleado,Licenciatura,No,73968,Bajo,Trabajo,537,Rechazada
61,País D,Trabajo,Desempleado,Secundaria,No,65430,Medio,Estudiante,165,Aprobada
56,País B,Negocios,Estudiante,Doctorado,No,6515,Alto,Estudiante,544,Rechazada
44,País A,Trabajo,Empleado,Doctorado,No,102206,Bajo,Negocios,432,Aprobada
27,País A,Negocios,Empleado,Maestría,No,61240,Medio,Negocios,687,Aprobada
43,País E,Turismo,Empleado,Licenciatura,No,10586,Alto,Trabajo,29,Aprobada
36,País C,Negocios,Desempleado,Maestría,No,125419,Alto,Estudiante,53,Aprobada
56,País C,Turismo,Desempleado,Maestría,No,127374,Medio,Trabajo,531,Aprobada
20,País B,Turismo,Estudiante,Secundaria,No,36186,Medio,Trabajo,712,Aprobada
62,País D,Negocios,Desempleado,Secundaria,No,31928,Medio,Estudiante,150,Aprobada
30,País F,Turismo,Desempleado,Secundaria,No,127990,Alto,Trabajo,591,Aprobada
45,País C,Trabajo,Empleado,Licenciatura,No,92029,Alto,Estudiante,674,Aprobada
37,País E,Estudios,Empleado,Secundaria,Sí,25711,Bajo,Estudiante,595,Rechazada
45,País B,Negocios,Empleado,Secundaria,No,59962,Medio,Estudiante,425,Aprobada
25,País B,Turismo,Empleado,Licenciatura,No,25039,Medio,Estudiante,687,Aprobada
58,País F,Negocios,Empleado,Licenciatura,No,41561,Medio,Turista,91,Aprobada
56,País E,Trabajo,Empleado,Doctorado,No,6577,Medio,Estudiante,422,Rechazada
18,País D,Negocios,Empleado,Secundaria,No,112792,Medio,Negocios,700,Aprobada
20,País E,Negocios,Estudiante,Secundaria,No,15785,Alto,Negocios,488,Aprobada
30,País D,Turismo,Estudiante,Secundaria,No,77227,Bajo,Negocios,462,Aprobada
45,País E,Trabajo,Estudiante,Doctorado,No,123680,Bajo,Estudiante,303,Rechazada
42,País E,Estudios,Estudiante,Secundaria,No,66957,Medio,Negocios,118,Aprobada
50,País A,Estudios,Empleado,Doctorado,No,70431,Medio,Turista,236,Aprobada
55,País B,Turismo,Estudiante,Maestría,No,76894,Bajo,Trabajo,102,Rechazada
23,País E,Negocios,Empleado,Doctorado,Sí,60192,Bajo,Estudiante,686,Rechazada
61,País F,Turismo,Estudiante,Maestría,No,6462,Medio,Negocios,384,Rechazada
62,País E,Turismo,Desempleado,Secundaria,No,133848,Alto,Turista,162,Aprobada
49,País C,Turismo,Estudiante,Maestría,No,81106,Medio,Trabajo,427,Aprobada
62,País B,Negocios,Estudiante,Doctorado,No,53665,Medio,Turista,111,Aprobada
64,País C,Trabajo,Empleado,Licenciatura,No,86010,Bajo,Negocios,711,Aprobada
38,País B,Turismo,Estudiante,Maestría,Sí,77573,Medio,Turista,336,Rechazada
33,País C,Negocios,Desempleado,Maestría,No,112803,Medio,Trabajo,445,Aprobada
38,País E,Trabajo,Empleado,Secundaria,No,124682,Medio,Negocios,138,Aprobada
28,País E,Turismo,Empleado,Doctorado,No,18386,Bajo,Trabajo,388,Rechazada
54,País A,Estudios,Estudiante,Maestría,No,129069,Bajo,Turista,144,Aprobada
53,País F,Trabajo,Empleado,Maestría,No,59460,Bajo,Estudiante,276,Rechazada
52,País C,Turismo,Empleado,Maestría,No,142293,Medio,Estudiante,556,Aprobada
36,País D,Trabajo,Empleado,Maestría,No,120375,Alto,Estudiante,402,Aprobada
37,País A,Trabajo,Empleado,Licenciatura,No,117660,Alto,Estudiante,563,Aprobada
35,País C,Trabajo,Empleado,Doctorado,No,96319,Medio,Trabajo,470,Aprobada
64,País C,Trabajo,Empleado,Secundaria,No,121582,Medio,Estudiante,681,Aprobada
58,País A,Trabajo,Desempleado,Secundaria,No,140994,Alto,Trabajo,456,Aprobada
31,País E,Trabajo,Estudiante,Licenciatura,No,47771,Bajo,Negocios,337,Aprobada
32,País C,Turismo,Desempleado,Doctorado,No,57335,Medio,Estudiante,259,Aprobada
48,País E,Estudios,Empleado,Maestría,No,57949,Alto,Trabajo,687,Aprobada
18,País A,Negocios,Empleado,Licenciatura,No,100558,Medio,Estudiante,291,Aprobada
20,País E,Trabajo,Estudiante,Doctorado,No,107272,Alto,Estudiante,280,Aprobada
33,País B,Negocios,Desempleado,Maestría,No,7716,Alto,Estudiante,26,Rechazada
40,País D,Turismo,Estudiante,Licenciatura,No,76916,Medio,Trabajo,245,Aprobada
28,País C,Trabajo,Desempleado,Doctorado,No,55906,Alto,Turista,276,Aprobada
29,País F,Estudios,Empleado,Secundaria,No,5463,Medio,Estudiante,424,Aprobada
27,País D,Negocios,Estudiante,Secundaria,No,79694,Medio,Estudiante,316,Aprobada
49,País E,Trabajo,Estudiante,Doctorado,Sí,73694,Medio,Negocios,37,Rechazada
33,País C,Turismo,Empleado,Secundaria,No,25008,Bajo,Turista,110,Aprobada
25,País E,Estudios,Estudiante,Doctorado,No,75474,Medio,Trabajo,688,Aprobada
55,País B,Negocios,Desempleado,Maestría,No,43185,Medio,Negocios,192,Aprobada
29,País A,Negocios,Desempleado,Doctorado,No,92924,Bajo,Estudiante,134,Rechazada
41,País C,Trabajo,Desempleado,Maestría,No,39980,Bajo,Negocios,216,Aprobada
45,País B,Estudios,Desempleado,Licenciatura,No,27504,Bajo,Negocios,420,Aprobada
25,País B,Estudios,Empleado,Doctorado,No,59970,Medio,Estudiante,287,Aprobada
45,País C,Estudios,Estudiante,Licenciatura,No,21766,Alto,Turista,259,Aprobada
53,País E,Estudios,Desempleado,Secundaria,No,121944,Alto,Turista,25,Aprobada
43,País F,Turismo,Empleado,Maestría,No,98922,Medio,Negocios,718,Aprobada
25,País B,Estudios,Estudiante,Doctorado,No,147767,Alto,Estudiante,142,Aprobada
45,País D,Negocios,Estudiante,Licenciatura,No,125494,Medio,Trabajo,229,Aprobada
45,País B,Negocios,Empleado,Maestría,No,13802,Medio,Negocios,9,Aprobada
54,País F,Turismo,Empleado,Maestría,No,39159,Medio,Trabajo,242,Aprobada
58,País E,Negocios,Desempleado,Secundaria,Sí,16516,Bajo,Negocios,471,Rechazada
53,País E,Negocios,Estudiante,Secundaria,Sí,55492,Alto,Negocios,234,Rechazada
44,País D,Estudios,Estudiante,Maestría,No,34086,Medio,Estudiante,660,Aprobada
34,País B,Negocios,Empleado,Maestría,No,118758,Medio,Estudiante,505,Aprobada
26,País E,Turismo,Estudiante,Doctorado,No,35480,Medio,Trabajo,527,Aprobada
50,País F,Estudios,Desempleado,Maestría,No,133023,Medio,Trabajo,708,Aprobada
37,País C,Trabajo,Estudiante,Doctorado,No,115195,Bajo,Turista,683,Aprobada
30,País A,Estudios,Empleado,Maestría,No,43737,Medio,Estudiante,145,Aprobada
45,País A,Turismo,Empleado,Secundaria,No,14265,Bajo,Negocios,282,Aprobada
46,País A,Estudios,Desempleado,Doctorado,No,119165,Medio,Negocios,297,Aprobada
30,País B,Estudios,Desempleado,Licenciatura,No,124501,Medio,Turista,59,Aprobada
63,País D,Turismo,Estudiante,Secundaria,No,75990,Medio,Estudiante,693,Aprobada
52,País E,Estudios,Estudiante,Doctorado,No,20386,Medio,Negocios,116,Aprobada
23,País C,Turismo,Empleado,Doctorado,No,109718,Medio,Turista,721,Aprobada
35,País F,Turismo,Desempleado,Licenciatura,No,42425,Medio,Turista,654,Aprobada
22,País C,Trabajo,Desempleado,Doctorado,No,126635,Medio,Negocios,10,Aprobada
64,País F,Negocios,Desempleado,Maestría,No,58634,Medio,Negocios,673,Aprobada
42,País B,Negocios,Estudiante,Licenciatura,No,91988,Medio,Trabajo,690,Aprobada
19,País A,Estudios,Desempleado,Secundaria,No,111337,Alto,Estudiante,53,Aprobada
27,País B,Estudios,Empleado,Secundaria,No,146215,Bajo,Trabajo,100,Rechazada
47,País D,Trabajo,Empleado,Maestría,No,72443,Medio,Turista,566,Aprobada
62,País D,Trabajo,Estudiante,Secundaria,No,34424,Alto,Negocios,219,Aprobada
22,País F,Trabajo,Estudiante,Doctorado,No,93844,Medio,Trabajo,442,Aprobada
50,País E,Turismo,Desempleado,Doctorado,No,46984,Bajo,Turista,514,Aprobada
18,País E,Trabajo,Estudiante,Maestría,No,46505,Medio,Estudiante,657,Aprobada
35,País F,Trabajo,Empleado,Secundaria,No,107478,Bajo,Negocios,211,Aprobada
49,País D,Estudios,Desempleado,Secundaria,No,67699,Bajo,Trabajo,387,Rechazada
64,País D,Trabajo,Empleado,Maestría,No,119012,Alto,Estudiante,79,Aprobada
28,País D,Turismo,Desempleado,Licenciatura,No,39758,Medio,Trabajo,522,Aprobada
38,País B,Turismo,Estudiante,Secundaria,No,141668,Bajo,Turista,82,Aprobada
43,País D,Estudios,Desempleado,Licenciatura,No,21374,Alto,Estudiante,83,Aprobada
42,País C,Trabajo,Desempleado,Secundaria,No,123686,Alto,Trabajo,416,Aprobada
39,País A,Trabajo,Empleado,Secundaria,No,8775,Medio,Estudiante,620,Rechazada
44,País D,Turismo,Empleado,Secundaria,No,32388,Bajo,Turista,112,Aprobada
30,País F,Trabajo,Desempleado,Secundaria,No,128800,Alto,Estudiante,557,Aprobada
50,País A,Trabajo,Estudiante,Doctorado,No,26029,Medio,Trabajo,482,Aprobada
51,País B,Trabajo,Estudiante,Licenciatura,No,88981,Medio,Turista,281,Aprobada
58,País F,Negocios,Empleado,Licenciatura,Sí,58639,Alto,Negocios,94,Rechazada
52,País A,Estudios,Estudiante,Secundaria,No,119010,Medio,Trabajo,729,Aprobada
18,País F,Negocios,Empleado,Secundaria,Sí,36105,Bajo,Trabajo,83,Rechazada
38,País B,Estudios,Estudiante,Licenciatura,No,149740,Medio,Turista,83,Aprobada
23,País C,Turismo,Desempleado,Doctorado,No,131519,Medio,Turista,448,Aprobada
45,País B,Trabajo,Empleado,Maestría,No,147429,Medio,Negocios,546,Aprobada
34,País B,Estudios,Empleado,Maestría,No,107739,Medio,Trabajo,251,Aprobada
22,País F,Negocios,Desempleado,Licenciatura,No,56796,Bajo,Turista,584,Aprobada
48,País E,Trabajo,Empleado,Secundaria,No,20804,Medio,Negocios,388,Aprobada
22,País D,Turismo,Estudiante,Secundaria,No,132732,Medio,Negocios,723,Aprobada
55,País D,Estudios,Estudiante,Doctorado,No,12951,Medio,Turista,576,Aprobada
20,País C,Estudios,Empleado,Maestría,Sí,142521,Medio,Trabajo,719,Rechazada
40,País C,Estudios,Estudiante,Doctorado,No,24065,Medio,Estudiante,148,Aprobada
54,País D,Trabajo,Empleado,Maestría,No,106503,Medio,Estudiante,374,Aprobada
54,País E,Negocios,Desempleado,Licenciatura,Sí,110072,Bajo,Negocios,90,Rechazada
27,País D,Negocios,Empleado,Maestría,Sí,145202,Medio,Estudiante,149,Rechazada
27,País E,Estudios,Desempleado,Doctorado,No,94360,Alto,Estudiante,358,Aprobada
36,País C,Turismo,Estudiante,Doctorado,Sí,67287,Medio,Turista,551,Rechazada
34,País A,Turismo,Desempleado,Doctorado,No,142126,Medio,Negocios,158,Aprobada
38,País F,Negocios,Estudiante,Licenciatura,No,112357,Alto,Trabajo,164,Aprobada
31,País C,Turismo,Empleado,Maestría,No,34670,Bajo,Negocios,452,Aprobada
26,País C,Negocios,Estudiante,Maestría,No,54112,Bajo,Turista,659,Aprobada
63,País B,Estudios,Empleado,Doctorado,No,93388,Medio,Estudiante,309,Aprobada
18,País B,Negocios,Empleado,Maestría,No,94156,Bajo,Trabajo,630,Rechazada
62,País B,Negocios,Desempleado,Secundaria,No,52922,Alto,Negocios,662,Aprobada
30,País F,Estudios,Desempleado,Secundaria,No,98348,Bajo,Estudiante,456,Rechazada
21,País B,Turismo,Desempleado,Secundaria,No,84335,Medio,Negocios,727,Aprobada
18,País E,Negocios,Desempleado,Maestría,No,31312,Medio,Trabajo,230,Aprobada
57,País D,Negocios,Estudiante,Licenciatura,No,71985,Bajo,Negocios,49,Aprobada
49,País A,Estudios,Estudiante,Licenciatura,No,135744,Medio,Negocios,270,Aprobada
51,País C,Turismo,Estudiante,Licenciatura,No,105963,Bajo,Negocios,9,Aprobada
45,País E,Negocios,Empleado,Licenciatura,No,36551,Medio,Estudiante,643,Aprobada
48,País A,Estudios,Estudiante,Secundaria,No,94813,Bajo,Trabajo,274,Rechazada
25,País E,Negocios,Estudiante,Secundaria,Sí,106025,Alto,Trabajo,602,Rechazada
56,País E,Trabajo,Estudiante,Doctorado,No,129342,Alto,Estudiante,22,Aprobada
43,País C,Estudios,Desempleado,Maestría,No,14637,Bajo,Estudiante,340,Rechazada
51,País D,Turismo,Estudiante,Maestría,No,48258,Bajo,Estudiante,470,Rechazada
20,País B,Turismo,Empleado,Licenciatura,No,145896,Medio,Turista,65,Aprobada
29,País F,Turismo,Desempleado,Secundaria,Sí,134553,Bajo,Negocios,183,Rechazada
18,País D,Turismo,Empleado,Licenciatura,No,31950,Alto,Negocios,69,Aprobada
61,País F,Negocios,Estudiante,Doctorado,No,132870,Medio,Trabajo,567,Aprobada
22,País C,Negocios,Desempleado,Maestría,No,5215,Medio,Negocios,313,Rechazada
47,País C,Turismo,Empleado,Maestría,No,110603,Alto,Turista,252,Aprobada
47,País C,Turismo,Estudiante,Licenciatura,No,16523,Medio,Estudiante,295,Aprobada
34,País A,Turismo,Empleado,Doctorado,No,73689,Alto,Trabajo,338,Aprobada
64,País F,Negocios,Empleado,Maestría,No,28834,Alto,Trabajo,533,Aprobada
40,País D,Turismo,Empleado,Doctorado,No,39474,Bajo,Negocios,261,Aprobada
32,País D,Turismo,Estudiante,Doctorado,Sí,48066,Bajo,Trabajo,610,Rechazada
54,País E,Trabajo,Estudiante,Licenciatura,No,15400,Alto,Estudiante,516,Aprobada
38,País E,Trabajo,Empleado,Secundaria,No,130211,Alto,Trabajo,724,Aprobada
31,País E,Turismo,Desempleado,Licenciatura,No,15345,Bajo,Estudiante,612,Rechazada
19,País C,Estudios,Desempleado,Secundaria,Sí,38896,Alto,Turista,469,Rechazada
28,País D,Turismo,Estudiante,Doctorado,No,33899,Medio,Turista,205,Aprobada
56,País F,Trabajo,Estudiante,Secundaria,No,33229,Bajo,Estudiante,277,Rechazada
55,País C,Estudios,Estudiante,Doctorado,No,10583,Alto,Negocios,564,Aprobada
51,País A,Estudios,Estudiante,Maestría,No,140969,Bajo,Trabajo,70,Rechazada
55,País E,Turismo,Estudiante,Maestría,No,76537,Alto,Negocios,236,Aprobada
51,País C,Trabajo,Desempleado,Maestría,No,140639,Bajo,Trabajo,255,Rechazada
35,País C,Trabajo,Estudiante,Licenciatura,No,79807,Medio,Turista,252,Aprobada
47,País A,Estudios,Empleado,Licenciatura,No,134648,Bajo,Turista,593,Aprobada
32,País B,Turismo,Empleado,Doctorado,No,117652,Medio,Turista,163,Aprobada
44,País D,Negocios,Desempleado,Maestría,No,149401,Medio,Trabajo,708,Aprobada
51,País F,Negocios,Empleado,Licenciatura,No,76792,Bajo,Turista,570,Aprobada
55,País B,Trabajo,Desempleado,Maestría,No,136300,Medio,Turista,94,Aprobada
50,País E,Negocios,Desempleado,Licenciatura,No,42052,Medio,Turista,319,Aprobada
41,País C,Trabajo,Empleado,Secundaria,Sí,51032,Bajo,Turista,72,Rechazada
32,País A,Trabajo,Estudiante,Secundaria,No,38686,Alto,Negocios,668,Aprobada
47,País A,Trabajo,Empleado,Maestría,Sí,81981,Medio,Turista,26,Rechazada
59,País D,Negocios,Empleado,Doctorado,No,103802,Medio,Turista,39,Aprobada
34,País B,Trabajo,Desempleado,Licenciatura,No,138881,Medio,Negocios,564,Aprobada
22,País D,Estudios,Empleado,Licenciatura,No,47818,Medio,Negocios,79,Aprobada
46,País C,Turismo,Desempleado,Secundaria,No,105422,Bajo,Trabajo,349,Rechazada
21,País D,Turismo,Estudiante,Secundaria,No,76927,Medio,Estudiante,139,Aprobada
27,País F,Trabajo,Estudiante,Doctorado,No,84465,Medio,Turista,61,Aprobada
34,País A,Turismo,Estudiante,Doctorado,No,118221,Medio,Turista,67,Aprobada
27,País A,Negocios,Empleado,Doctorado,No,42333,Alto,Turista,526,Aprobada
34,País E,Negocios,Desempleado,Maestría,No,131457,Medio,Trabajo,278,Aprobada
37,País E,Turismo,Estudiante,Secundaria,No,21576,Bajo,Turista,252,Aprobada
41,País C,Negocios,Desempleado,Maestría,No,124875,Bajo,Estudiante,182,Rechazada
22,País F,Turismo,Desempleado,Secundaria,No,44405,Bajo,Negocios,634,Aprobada
51,País B,Turismo,Estudiante,Secundaria,No,99000,Bajo,Trabajo,323,Rechazada
23,País D,Turismo,Estudiante,Licenciatura,No,36601,Medio,Negocios,711,Aprobada
19,País C,Trabajo,Desempleado,Secundaria,Sí,72946,Bajo,Turista,668,Rechazada
30,País E,Turismo,Estudiante,Secundaria,No,57116,Bajo,Turista,137,Aprobada
60,País D,Trabajo,Desempleado,Maestría,No,109186,Bajo,Turista,108,Aprobada
60,País E,Turismo,Desempleado,Secundaria,No,67894,Bajo,Estudiante,316,Rechazada
28,País D,Turismo,Estudiante,Maestría,No,12465,Bajo,Estudiante,298,Rechazada
64,País B,Turismo,Empleado,Doctorado,No,61754,Bajo,Trabajo,728,Rechazada
40,País C,Negocios,Estudiante,Secundaria,Sí,97850,Medio,Negocios,501,Rechazada
33,País D,Trabajo,Empleado,Secundaria,No,114765,Medio,Turista,367,Aprobada
48,País F,Trabajo,Desempleado,Maestría,No,97691,Bajo,Turista,344,Aprobada
28,País A,Turismo,Desempleado,Doctorado,No,43871,Medio,Turista,585,Aprobada
33,País F,Turismo,Empleado,Licenciatura,No,34511,Medio,Turista,16,Aprobada
25,País F,Negocios,Desempleado,Doctorado,No,85960,Bajo,Estudiante,55,Rechazada
21,País A,Negocios,Empleado,Maestría,No,70776,Bajo,Negocios,493,Aprobada
57,País F,Negocios,Empleado,Doctorado,No,49462,Medio,Negocios,629,Aprobada
21,País D,Trabajo,Desempleado,Maestría,No,37574,Medio,Trabajo,327,Aprobada
42,País D,Trabajo,Empleado,Maestría,No,107072,Bajo,Estudiante,575,Rechazada
20,País D,Trabajo,Estudiante,Licenciatura,No,83282,Bajo,Turista,631,Aprobada
49,País A,Turismo,Estudiante,Secundaria,No,114779,Alto,Negocios,139,Aprobada
20,País F,Trabajo,Desempleado,Maestría,No,23557,Bajo,Negocios,589,Aprobada
44,País A,Estudios,Desempleado,Maestría,Sí,77104,Bajo,Estudiante,89,Rechazada
46,País D,Estudios,Empleado,Licenciatura,No,142152,Alto,Trabajo,63,Aprobada
49,País F,Negocios,Empleado,Maestría,No,149926,Alto,Trabajo,382,Aprobada
36,País F,Trabajo,Empleado,Secundaria,No,127013,Medio,Turista,355,Aprobada
38,País E,Estudios,Empleado,Licenciatura,No,46081,Medio,Trabajo,277,Aprobada
22,País E,Negocios,Estudiante,Secundaria,No,140440,Bajo,Negocios,489,Aprobada
35,País B,Trabajo,Estudiante,Secundaria,Sí,124181,Bajo,Trabajo,117,Rechazada
45,País C,Turismo,Desempleado,Licenciatura,No,32094,Medio,Turista,82,Aprobada
59,País E,Estudios,Empleado,Maestría,No,71766,Bajo,Negocios,164,Aprobada
39,País A,Turismo,Empleado,Secundaria,No,88053,Medio,Trabajo,538,Aprobada
38,País E,Trabajo,Desempleado,Secundaria,No,6301,Alto,Trabajo,649,Rechazada
23,País B,Estudios,Empleado,Secundaria,No,86463,Alto,Estudiante,335,Aprobada
18,País F,Trabajo,Empleado,Secundaria,Sí,29466,Bajo,Turista,128,Rechazada
22,País B,Turismo,Empleado,Licenciatura,No,31081,Medio,Trabajo,47,Aprobada
58,País F,Estudios,Empleado,Licenciatura,No,29354,Medio,Estudiante,173,Aprobada
29,País F,Turismo,Empleado,Doctorado,No,98297,Alto,Negocios,648,Aprobada
43,País C,Trabajo,Desempleado,Doctorado,No,23300,Bajo,Estudiante,29,Rechazada
63,País E,Trabajo,Empleado,Secundaria,Sí,69384,Bajo,Estudiante,285,Rechazada
51,País A,Turismo,Desempleado,Maestría,No,100027,Bajo,Trabajo,475,Rechazada
31,País A,Estudios,Empleado,Secundaria,Sí,126684,Medio,Trabajo,406,Rechazada
43,País D,Turismo,Estudiante,Maestría,No,65892,Medio,Trabajo,15,Aprobada
62,País F,Trabajo,Estudiante,Secundaria,No,40525,Medio,Estudiante,19,Aprobada
44,País A,Turismo,Estudiante,Doctorado,No,11464,Medio,Negocios,58,Aprobada
26,País C,Trabajo,Estudiante,Doctorado,No,21562,Bajo,Turista,215,Aprobada
43,País F,Turismo,Desempleado,Maestría,No,112392,Medio,Estudiante,556,Aprobada
64,País C,Estudios,Desempleado,Secundaria,Sí,60514,Bajo,Trabajo,618,Rechazada
39,País A,Estudios,Empleado,Maestría,No,118428,Alto,Turista,711,Aprobada
64,País A,Turismo,Estudiante,Doctorado,No,117564,Alto,Negocios,408,Aprobada
47,País D,Turismo,Desempleado,Secundaria,No,113047,Alto,Turista,197,Aprobada
60,País A,Estudios,Empleado,Secundaria,No,37634,Alto,Trabajo,57,Aprobada
34,País F,Trabajo,Empleado,Maestría,No,5060,Bajo,Estudiante,399,Rechazada
43,País F,Estudios,Desempleado,Licenciatura,No,14269,Bajo,Estudiante,659,Rechazada
53,País F,Trabajo,Estudiante,Maestría,No,28065,Medio,Trabajo,686,Aprobada
18,País D,Turismo,Empleado,Doctorado,No,7895,Alto,Estudiante,627,Rechazada
25,País D,Turismo,Estudiante,Doctorado,No,85859,Bajo,Trabajo,725,Rechazada
52,País A,Trabajo,Estudiante,Doctorado,No,148424,Bajo,Estudiante,306,Rechazada
32,País B,Turismo,Estudiante,Doctorado,No,109127,Alto,Estudiante,628,Aprobada
64,País B,Trabajo,Empleado,Doctorado,No,101426,Bajo,Estudiante,202,Rechazada
39,País D,Negocios,Estudiante,Licenciatura,No,16962,Medio,Negocios,423,Aprobada
31,País A,Estudios,Empleado,Secundaria,No,38302,Medio,Negocios,670,Aprobada
43,País B,Negocios,Estudiante,Maestría,No,90382,Bajo,Trabajo,426,Rechazada
45,País A,Trabajo,Empleado,Maestría,No,9011,Bajo,Negocios,646,Rechazada
40,País A,Estudios,Estudiante,Doctorado,No,134716,Medio,Trabajo,623,Aprobada
31,País A,Trabajo,Desempleado,Maestría,No,24782,Medio,Turista,528,Aprobada
41,País E,Estudios,Estudiante,Doctorado,No,125654,Alto,Turista,362,Aprobada
19,País F,Estudios,Estudiante,Licenciatura,No,14196,Medio,Negocios,154,Aprobada
62,País A,Estudios,Empleado,Licenciatura,No,48459,Bajo,Turista,371,Aprobada
43,País E,Estudios,Empleado,Secundaria,No,92245,Medio,Turista,370,Aprobada
31,País D,Trabajo,Estudiante,Licenciatura,No,83863,Medio,Estudiante,658,Aprobada
24,País B,Estudios,Desempleado,Licenciatura,No,128206,Bajo,Estudiante,708,Rechazada
20,País F,Estudios,Desempleado,Secundaria,No,106010,Medio,Trabajo,408,Aprobada
64,País B,Negocios,Empleado,Maestría,No,37769,Bajo,Turista,612,Aprobada
40,País F,Turismo,Desempleado,Doctorado,No,112529,Bajo,Trabajo,498,Rechazada
63,País B,Turismo,Estudiante,Doctorado,No,29700,Bajo,Trabajo,235,Rechazada
60,País F,Negocios,Empleado,Maestría,No,10269,Medio,Turista,581,Aprobada
64,País B,Negocios,Estudiante,Secundaria,No,126631,Medio,Negocios,543,Aprobada
62,País B,Trabajo,Empleado,Maestría,No,48880,Medio,Turista,274,Aprobada
35,País B,Trabajo,Empleado,Licenciatura,No,119003,Medio,Estudiante,411,Aprobada
55,País B,Trabajo,Empleado,Secundaria,No,144392,Alto,Turista,17,Aprobada
52,País D,Negocios,Empleado,Secundaria,Sí,54589,Bajo,Negocios,326,Rechazada
32,País A,Negocios,Desempleado,Secundaria,No,40897,Bajo,Trabajo,719,Rechazada
42,País C,Estudios,Estudiante,Doctorado,No,19380,Bajo,Trabajo,132,Rechazada
54,País E,Trabajo,Estudiante,Maestría,No,75934,Bajo,Estudiante,312,Rechazada
45,País C,Trabajo,Estudiante,Secundaria,No,60830,Medio,Estudiante,708,Aprobada
27,País C,Trabajo,Empleado,Secundaria,No,10529,Medio,Estudiante,517,Aprobada
56,País F,Turismo,Desempleado,Secundaria,No,99598,Medio,Trabajo,95,Aprobada
34,País A,Estudios,Estudiante,Maestría,No,87987,Bajo,Estudiante,361,Rechazada
56,País F,Trabajo,Desempleado,Doctorado,No,54178,Medio,Turista,634,Aprobada
39,País A,Trabajo,Empleado,Licenciatura,No,143009,Medio,Trabajo,358,Aprobada
43,País A,Trabajo,Estudiante,Doctorado,No,126952,Bajo,Negocios,695,Aprobada
61,País B,Turismo,Desempleado,Secundaria,No,44886,Medio,Trabajo,20,Aprobada
42,País D,Turismo,Empleado,Doctorado,No,54699,Alto,Turista,263,Aprobada
34,País B,Negocios,Desempleado,Doctorado,No,81396,Medio,Turista,215,Aprobada
30,País D,Estudios,Estudiante,Licenciatura,Sí,95678,Medio,Estudiante,287,Rechazada
37,País F,Negocios,Estudiante,Maestría,No,30279,Medio,Trabajo,449,Aprobada
42,País D,Estudios,Empleado,Maestría,No,115776,Bajo,Trabajo,395,Rechazada
21,País F,Turismo,Empleado,Doctorado,Sí,106444,Medio,Trabajo,623,Rechazada
27,País C,Trabajo,Empleado,Doctorado,No,111300,Bajo,Negocios,489,Aprobada
20,País C,Negocios,Desempleado,Maestría,No,118793,Bajo,Estudiante,153,Rechazada
58,País D,Trabajo,Desempleado,Maestría,No,121278,Medio,Turista,285,Aprobada
62,País D,Negocios,Desempleado,Licenciatura,No,108247,Alto,Turista,527,Aprobada
35,País F,Turismo,Empleado,Secundaria,No,13997,Medio,Estudiante,636,Aprobada
64,País B,Turismo,Estudiante,Doctorado,No,111102,Medio,Turista,612,Aprobada
53,País F,Turismo,Estudiante,Maestría,No,90711,Alto,Turista,440,Aprobada
64,País B,Negocios,Desempleado,Doctorado,Sí,121045,Alto,Estudiante,150,Rechazada
39,País C,Estudios,Desempleado,Doctorado,No,45860,Medio,Turista,295,Aprobada
51,País A,Negocios,Estudiante,Maestría,No,8225,Bajo,Trabajo,392,Rechazada
64,País D,Estudios,Estudiante,Licenciatura,No,115114,Alto,Negocios,20,Aprobada
25,País B,Negocios,Desempleado,Doctorado,Sí,118218,Bajo,Estudiante,263,Rechazada
57,País F,Negocios,Desempleado,Licenciatura,No,105764,Medio,Negocios,352,Aprobada
61,País C,Turismo,Estudiante,Maestría,No,112041,Bajo,Turista,704,Aprobada
36,País B,Trabajo,Empleado,Secundaria,No,117224,Medio,Turista,351,Aprobada
59,País F,Trabajo,Desempleado,Secundaria,No,68656,Bajo,Trabajo,406,Rechazada
58,País D,Estudios,Estudiante,Doctorado,No,81290,Medio,Estudiante,213,Aprobada
54,País D,Trabajo,Estudiante,Maestría,No,61633,Medio,Turista,178,Aprobada
23,País E,Negocios,Estudiante,Licenciatura,No,31655,Bajo,Estudiante,470,Rechazada
43,País A,Negocios,Estudiante,Doctorado,No,126118,Medio,Estudiante,276,Aprobada
51,País E,Turismo,Empleado,Maestría,No,8114,Alto,Estudiante,227,Rechazada
62,País C,Turismo,Estudiante,Maestría,Sí,31502,Alto,Estudiante,158,Rechazada
23,País B,Trabajo,Desempleado,Licenciatura,Sí,54768,Bajo,Estudiante,629,Rechazada
54,País C,Estudios,Empleado,Doctorado,No,53128,Medio,Negocios,189,Aprobada
50,País F,Trabajo,Estudiante,Maestría,No,88123,Medio,Trabajo,405,Aprobada
39,País D,Trabajo,Empleado,Maestría,No,113255,Medio,Estudiante,78,Aprobada
38,País E,Trabajo,Desempleado,Maestría,No,8174,Bajo,Negocios,424,Rechazada
23,País E,Trabajo,Estudiante,Licenciatura,No,122769,Medio,Turista,289,Aprobada
23,País E,Negocios,Desempleado,Doctorado,No,40398,Alto,Estudiante,80,Aprobada
21,País C,Estudios,Estudiante,Doctorado,Sí,140393,Medio,Turista,361,Rechazada
47,País D,Negocios,Estudiante,Doctorado,No,128549,Medio,Estudiante,503,Aprobada
28,País B,Estudios,Estudiante,Doctorado,No,77635,Medio,Negocios,334,Aprobada
47,País F,Turismo,Estudiante,Secundaria,No,28760,Bajo,Negocios,541,Aprobada
48,País B,Trabajo,Estudiante,Secundaria,No,147432,Medio,Negocios,586,Aprobada
41,País C,Negocios,Empleado,Doctorado,No,146385,Medio,Trabajo,453,Aprobada
26,País F,Estudios,Estudiante,Licenciatura,Sí,135674,Bajo,Turista,379,Rechazada
20,País E,Turismo,Estudiante,Secundaria,Sí,141873,Alto,Trabajo,368,Rechazada
48,País A,Turismo,Empleado,Maestría,No,19130,Bajo,Estudiante,99,Rechazada
57,País C,Trabajo,Empleado,Secundaria,Sí,112215,Alto,Turista,327,Rechazada
54,País C,Estudios,Empleado,Maestría,No,93095,Medio,Negocios,330,Aprobada
53,País D,Negocios,Empleado,Doctorado,No,65942,Bajo,Turista,390,Aprobada
41,País B,Trabajo,Empleado,Secundaria,No,148933,Medio,Negocios,581,Aprobada
48,País C,Negocios,Empleado,Licenciatura,No,103970,Medio,Trabajo,352,Aprobada
23,País C,Turismo,Estudiante,Secundaria,No,87203,Bajo,Trabajo,109,Rechazada
19,País E,Negocios,Estudiante,Secundaria,No,93177,Medio,Negocios,221,Aprobada
37,País E,Negocios,Desempleado,Secundaria,No,77902,Medio,Negocios,198,Aprobada
45,País F,Trabajo,Estudiante,Doctorado,No,97172,Medio,Estudiante,678,Aprobada
28,País A,Negocios,Estudiante,Licenciatura,No,25056,Bajo,Trabajo,725,Rechazada
21,País D,Trabajo,Empleado,Secundaria,No,143454,Medio,Trabajo,200,Aprobada
32,País A,Turismo,Empleado,Licenciatura,No,60739,Bajo,Estudiante,386,Rechazada
23,País F,Trabajo,Estudiante,Doctorado,No,86685,Medio,Trabajo,409,Aprobada
47,País E,Trabajo,Desempleado,Maestría,No,53639,Bajo,Negocios,670,Aprobada
55,País B,Estudios,Empleado,Secundaria,No,5992,Alto,Turista,606,Aprobada
19,País E,Negocios,Estudiante,Licenciatura,No,77394,Medio,Turista,17,Aprobada
32,País D,Turismo,Estudiante,Licenciatura,No,72657,Medio,Trabajo,193,Aprobada
28,País E,Trabajo,Desempleado,Doctorado,No,32160,Medio,Estudiante,21,Aprobada
25,País D,Turismo,Desempleado,Secundaria,No,50156,Bajo,Negocios,303,Aprobada
43,País D,Estudios,Empleado,Maestría,No,91442,Bajo,Turista,417,Aprobada
62,País D,Negocios,Desempleado,Licenciatura,No,122925,Alto,Negocios,591,Aprobada
61,País F,Trabajo,Estudiante,Secundaria,No,9136,Alto,Trabajo,58,Rechazada
22,País D,Negocios,Estudiante,Maestría,No,66868,Bajo,Trabajo,646,Rechazada
23,País D,Estudios,Desempleado,Licenciatura,No,87263,Medio,Turista,34,Aprobada
43,País B,Estudios,Desempleado,Licenciatura,No,37167,Medio,Trabajo,583,Aprobada
21,País A,Turismo,Desempleado,Maestría,No,115957,Medio,Estudiante,23,Aprobada
36,País C,Trabajo,Desempleado,Maestría,No,20479,Bajo,Trabajo,357,Rechazada
37,País A,Turismo,Empleado,Doctorado,No,124392,Bajo,Trabajo,434,Rechazada
50,País D,Estudios,Desempleado,Secundaria,No,140895,Bajo,Trabajo,656,Rechazada
37,País B,Negocios,Empleado,Secundaria,No,24585,Alto,Negocios,235,Aprobada
29,País E,Turismo,Estudiante,Doctorado,No,31619,Medio,Negocios,216,Aprobada
64,País B,Turismo,Desempleado,Licenciatura,No,80069,Medio,Turista,437,Aprobada
18,País D,Negocios,Empleado,Maestría,No,44895,Alto,Turista,300,Aprobada
43,País B,Turismo,Desempleado,Maestría,No,8720,Medio,Turista,588,Rechazada
31,País B,Negocios,Estudiante,Maestría,No,24267,Alto,Trabajo,110,Aprobada
55,País D,Trabajo,Estudiante,Licenciatura,No,58364,Medio,Negocios,210,Aprobada
54,País F,Negocios,Estudiante,Maestría,No,56567,Bajo,Estudiante,59,Rechazada
28,País B,Trabajo,Desempleado,Maestría,No,96229,Alto,Trabajo,381,Aprobada
53,País C,Negocios,Desempleado,Doctorado,No,83518,Medio,Trabajo,60,Aprobada
30,País C,Estudios,Empleado,Licenciatura,Sí,87844,Bajo,Trabajo,282,Rechazada
60,País B,Estudios,Estudiante,Secundaria,No,95697,Medio,Estudiante,341,Aprobada
20,País F,Trabajo,Desempleado,Doctorado,No,62196,Bajo,Turista,37,Aprobada
50,País E,Trabajo,Estudiante,Doctorado,Sí,120600,Medio,Estudiante,141,Rechazada
23,País D,Estudios,Estudiante,Secundaria,Sí,105625,Alto,Turista,64,Rechazada
27,País C,Trabajo,Empleado,Doctorado,No,136567,Alto,Estudiante,111,Aprobada
22,País E,Negocios,Empleado,Licenciatura,Sí,49755,Alto,Negocios,272,Rechazada
40,País B,Negocios,Empleado,Maestría,No,38324,Bajo,Trabajo,528,Rechazada
27,País E,Estudios,Empleado,Licenciatura,No,83929,Medio,Trabajo,502,Aprobada
61,País A,Turismo,Estudiante,Secundaria,No,137624,Bajo,Trabajo,259,Rechazada
19,País C,Negocios,Empleado,Secundaria,No,56272,Alto,Turista,301,Aprobada
